data;retorno_carteira;retorno_ibov;retorno_cdi
2021-01-05;0,012301285651115546;0,005609068978896348;7,468999999993287e-05
2021-01-06;0,015290902829843134;0,01090605442062098;0,0001493855785958953
2021-01-07;0,046355090132112364;0,02866107727863154;0,00022408673620466502
2021-01-08;0,07166460398034369;0,05498574537357226;0,00029879347324301975
2021-01-11;0,05315215891105596;0,03583899863358009;0,00037350579012751517
2021-01-12;0,06725249993692728;0,04588471465443078;0,000448223687274929
2021-01-13;0,04228853041327496;0,02936959125491323;0,000522947165102039
2021-01-14;0,05379203316591541;0,04152397982422107;0,0005976762240256228
2021-01-15;0,02065881831905836;0,0163970377368039;0,0006724108644626803
2021-01-18;0,03320842791020162;0,022638708480237524;0,0007471510868299891
2021-01-19;0,023329585047620283;0,01783936975994882;0,000821896891544549
2021-01-20;0,01914549435593571;0,009699893722903585;0,0008966482790233599
2021-01-21;0,007128834838569853;-0,0009699893722904251;0,0009714052496831993
2021-01-22;0,00018610366098226194;-0,011690480608647302;0,0010461678039412892
2021-01-26;-0,011614299015972773;-0,017662241265878342;0,0011209359422144072
2021-01-27;-0,011605390304395002;-0,02257123095868696;0,0011957096649197752
2021-01-28;0,006860702716201095;0,006376625786534973;0,001270488972474615
2021-01-29;-0,029489624255869207;-0,021516894684458165;0,0013452738652959262
2021-02-01;-0,012797207535971578;-0,010062585401238278;0,0014200643438009308
2021-02-02;-0,006284388502284521;-0,002732839622800798;0,0014948604084066286
2021-02-03;0,008890320017180597;0,009843283456198337;0,0015696620595304633
2021-02-04;0,0004712763057910241;0,005929587206261466;0,0016444692975896569
2021-02-05;0,003097993094602236;0,011530221494963966;0,001719282123001431
2021-02-08;-0,0019327028316580286;0,008080433205687854;0,0017941005361832296
2021-02-09;-0,002639404289685343;0,007346615158824621;0,0018689245375522745
2021-02-10;-0,008152701803102014;-0,0010796403448106728;0,0019437541275260095
2021-02-11;-0,006622481909749789;0,005710285261221859;0,0020185893065216565
2021-02-12;-0,005010665737555042;0,0047065571281561525;0,0020934300749568813
2021-02-17;-0,0002673991496912054;0,015460787125288533;0,0021682764332491278
2021-02-18;-0,011016432728912173;0,0049089896928082855;0,00224312838181584
2021-02-19;-0,021294561120505096;0,0016025911368271473;0,0023179859210746834
2021-02-22;-0,08704046113065655;-0,04968032524165422;0,0023928490514431022
2021-02-23;-0,05162797694749799;-0,02809595303564527;0,0024677177733387623
2021-02-24;-0,049253902341678035;-0,024376254660166574;0,0025425920871791075
2021-02-25;-0,08214257661487245;-0,05315541760151177;0,0026174719933820256
2021-02-26;-0,10234494190788068;-0,07188886452200638;0,0026923574923651827
2021-03-01;-0,10047699503054308;-0,0693584574638576;0,0027672485845462447
2021-03-02;-0,09011928178925854;-0,05919465578029337;0,0028421452703428773
2021-03-03;-0,0893705524618903;-0,06219740548929653;0,0029170475501729687
2021-03-04;-0,07299431624961694;-0,049494762057389785;0,0029919554244544067
2021-03-05;-0,0582994865426234;-0,02830682029049092;0,003066868893605079
2021-03-08;-0,10472217947692719;-0,06702204828016678;0,003141787958042652
2021-03-09;-0,09278062187870095;-0,06095750603080363;0,0032167126181852357
2021-03-10;-0,07485240722875064;-0,04876937870072051;0,0032916428744507176
2021-03-11;-0,062396986792535025;-0,030145582752745592;0,003366578727256986
2021-03-12;-0,06900657519086917;-0,037095767472460794;0,0034415201770221504
2021-03-15;-0,06559581452411012;-0,03126739654852495;0,0035164672241640993
2021-03-16;-0,07200341358730877;-0,03828505878979083;0,0035914198691009425
2021-03-17;-0,0535310324421151;-0,016945292599402917;0,00366637811225079
2021-03-18;-0,07545869724511756;-0,031402351591626076;0,0037705486456351966
2021-03-19;-0,0664595278064819;-0,019703436292784926;0,003874729990879233
2021-03-22;-0,07608780795422332;-0,03018775620371461;0,003978922149105113
2021-03-23;-0,09698214490862855;-0,044670119266519315;0,0040831251214350495
2021-03-24;-0,11093631653081304;-0,05477487811872661;0,004187338908991478
2021-03-25;-0,10108977634032978;-0,040553990451930644;0,004291563512896834
2021-03-26;-0,09046361353728427;-0,031857824862092765;0,004395798934273776
2021-03-29;-0,08672110121058985;-0,026476492518429873;0,004500045174245182
2021-03-30;-0,06853092433250363;-0,014406450851060293;0,004604302233933932
2021-03-31;-0,07149307359245871;-0,01622834393292738;0,004708570114462907
2021-04-01;-0,07832088298252604;-0,027876651090605442;0,004812848816955206
2021-04-05;-0,06150582845463115;-0,0087720778015824;0,004917138342533933
2021-04-06;-0,06207515594569302;-0,008932336915265182;0,005021438692322633
2021-04-07;-0,06611969624030134;-0,007878000641036498;0,005125749867444629
2021-04-08;-0,05542239298963347;-0,002066499097488239;0,005230071869023467
2021-04-09;-0,061478668248694635;-0,007490004892120372;0,005334404698182693
2021-04-12;-0,05446050985946971;0,002142411309232539;0,005438748356046297
2021-04-13;-0,05040197809778946;0,006233236053239777;0,005543102843738268
2021-04-14;-0,039114556252658805;0,014651056866681333;0,005647468162382374
2021-04-15;-0,03591849374309153;0,018075541085376123;0,0057518443131030494
2021-04-16;-0,037133070508433175;0,021559068135427628;0,005856231297024284
2021-04-19;-0,040845694673846356;0,020040823900538518;0,0059606291152707325
2021-04-20;-0,04896652954525471;0,012685774051519383;0,006065037768966608
2021-04-22;-0,054149925062949245;0,006857403127583428;0,006169457259236788
2021-04-23;-0,04251609229597664;0,016633209062231424;0,0062738875872057065
2021-04-26;-0,043955857570430634;0,017181463924830442;0,0063783287539984634
2021-04-27;-0,057960033190283644;0,007000792860878624;0,006482780760739937
2021-04-28;-0,044444619766852766;0,021044552033604225;0,006587243608555227
2021-04-29;-0,057074663823645566;0,012719512812294775;0,006691717298569433
2021-04-30;-0,06292756795332655;0,0028340559051269754;0,006796201831907878
2021-05-03;-0,06479423132956896;0,005490983316183362;0,006900697209696105
2021-05-04;-0,08099792069095058;-0,007135747903978862;0,007005203433059437
2021-05-05;-0,06885148227617777;0,008485298334992786;0,007109720503123862
2021-05-06;-0,062018989496648635;0,011496482734189684;0,007243353891937421
2021-05-07;-0,04840962490582368;0,029352721874525978;0,007377005012565441
2021-05-10;-0,050755185593160834;0,028264646839522012;0,0075106738673607065
2021-05-11;-0,040695763718508915;0,0371632449940118;0,007644360458676225
2021-05-12;-0,06641824043867306;0,009716763103291726;0,007778064788865446
2021-05-13;-0,054388901506599696;0,018117714536345586;0,007911786860282266
2021-05-14;-0,044256518169991654;0,02802847551409493;0,0080455266752808
2021-05-17;-0,03518366522642569;0,036943943048972416;0,00817928423621539
2021-05-18;-0,03007245553704918;0,03729820003711315;0,008313059545440815
2021-05-19;-0,03686165462307245;0,034396666610436055;0,008446852605311861
2021-05-20;-0,031368058777155206;0,03494492147303485;0,008580663418184198
2021-05-21;-0,032174778695468254;0,034025540241907404;0,008714491986413275
2021-05-24;-0,013281169866468767;0,046171494121021395;0,008848338312354986
2021-05-25;-0,02266094089405779;0,03736567755866371;0,008982202398365668
2021-05-26;-0,0175158843819313;0,04580880244268659;0,009116084246801881
2021-05-27;-0,018982382480715154;0,04899711533595408;0,009249983860020627
2021-05-28;0,0007950933030460572;0,05906813542738609;0,009383901240379133
2021-05-31;0,003918218995394129;0,06459285750434418;0,009517836390234846
2021-06-01;0,020644345412701437;0,08189240709188783;0,009651789311945436
2021-06-02;0,03738317590528384;0,09314428381045592;0,009785760007869237
2021-06-04;0,05201322647557327;0,0975724961622162;0,00991974848036481
2021-06-07;0,05721361552033821;0,10305504478820526;0,01005375473179071
2021-06-08;0,05554646973995214;0,09471313618650812;0,010187778764506161
2021-06-09;0,049331977550647776;0,09572529900976767;0,010321820580870389
2021-06-10;0,046776272884301084;0,0971507616525249;0,010455880183243282
2021-06-11;0,04373332313826861;0,09179473337944333;0,010589957573984954
2021-06-14;0,053527008058912084;0,09826414075811019;0,010724052755455515
2021-06-15;0,053211072478242416;0,09727728200543218;0,010858165730015745
2021-06-16;0,046461612740512415;0,0902596197641663;0,010992296500026422
2021-06-17;0,035774712160457245;0,0801211221511835;0,011155440326912736
2021-06-18;0,03821398433262546;0,08305639433863599;0,011318610480318236
2021-06-21;0,04400428407205714;0,09031022790532917;0,011481806964491525
2021-06-22;0,03285089777333128;0,08610975218880212;0,011645029783681426
2021-06-23;0,030996990988153117;0,08325039221309405;0,011808278942137651
2021-06-24;0,041880679248148533;0,09241046576359269;0,011971554444110577
2021-06-25;0,01946274073951826;0,07336493530592647;0,012134856293851248
2021-06-28;0,02280776855938238;0,07482413670945909;0,012298184495611375
2021-06-29;0,025953306298639456;0,07396379830968858;0,012461539053643556
2021-06-30;0,015914633117967814;0,0695355859579283;0,01262491997220061
2021-07-01;0,007699907282941121;0,05995377789773837;0,012788327255536469
2021-07-02;0,028700828892761487;0,07645203191686822;0,01295176090790573
2021-07-05;0,02446831684965378;0,07053087940080016;0,013115220933563432
2021-07-06;0,009561999987450776;0,05513756979706197;0,013278707336765505
2021-07-07;0,03346536314476056;0,07136591372998935;0,013442220121768544
2021-07-08;0,01841700005106106;0,05794632163160718;0,013605759292829589
2021-07-12;0,033616546571994865;0,07621586059144114;0,013769324854206788
2021-07-13;0,037369740263841544;0,08105737276269909;0,013932916810158513
2021-07-14;0,04408187851231893;0,08307326371902435;0,014096535164944246
2021-07-15;0,040434614511823064;0,07515308962701872;0,014260179922823912
2021-07-16;0,027808730084907918;0,06243357681472439;0,014423851088058104
2021-07-19;0,014009010132557398;0,0492332866613816;0,0145875486649083
2021-07-20;0,024041358644821376;0,05771858499637372;0,014751272657636427
2021-07-21;0,028638118591745476;0,06217210141871554;0,014915023070505296
2021-07-22;0,028891308806461957;0,06401086388097044;0,015078799907778162
2021-07-23;0,019666406538817904;0,05478331280892146;0,015242603173719393
2021-07-26;0,028440860328976747;0,06280470318325282;0,015406432872593578
2021-07-27;0,018163633918022892;0,05106361443344265;0,015570289008666194
2021-07-28;0,042972302038946975;0,06518328581791266;0,015734171586203605
2021-07-29;0,03655044350695369;0,060029690109483;0,01589808060947262
2021-07-30;-0,0011089069205104662;0,027353700298588635;0,016062016082740715
2021-08-02;0,002947255381410274;0,0333845037871765;0,016225978010276032
2021-08-03;0,009272613778022576;0,04233371008282938;0,0163899663963476
2021-08-04;-0,010318329143206961;0,027353700298588635;0,016553981245225113
2021-08-05;-0,005265363038963633;0,025936672346025258;0,01675658045368733
2021-08-06;0,008601415611879437;0,0358643027041623;0,016959220040171807
2021-08-09;0,007005246781171204;0,03762715295467278;0,017161900012725884
2021-08-10;-0,0035683961038980305;0,030736011066314406;0,017364620379398454
2021-08-11;-0,0003877828600725719;0,029504546298015244;0,01756738114824019
2021-08-12;-0,003945816695689386;0,01807554108537679;0,017770182327303097
2021-08-13;-0,007274415267465861;0,02223384335093459;0,017973023924640952
2021-08-16;-0,025974390873112596;0,005246377300562655;0,01817590594830909
2021-08-17;-0,032474814680021113;-0,005516287386763352;0,018378828406364622
2021-08-18;-0,04113973829124962;-0,01615243172118197;0,01858179130686599
2021-08-19;-0,031332167505749076;-0,011749523440003129;0,018784794657873416
2021-08-20;-0,02590922535588891;-0,004259518547882757;0,01898783846744867
2021-08-23;-0,03476659181599351;-0,009160073550497527;0,019190922743655303
2021-08-24;-0,01054766489800707;0,013942542890400533;0,019394047494558198
2021-08-25;-0,004919488146534423;0,0190623998380548;0,01959721272822379
2021-08-26;-0,022505836520256173;0,0014001585721765686;0,019800418452720514
2021-08-27;-0,004494592907921202;0,017881543210918727;0,020003664676118138
2021-08-30;-0,012196229128551228;0,009969803809106947;0,020206951406488205
2021-08-31;-0,027674601106768892;0,0018809359132248016;0,02041027865190359
2021-09-01;-0,021994997889604018;0,007068270382429853;0,020613646420438947
2021-09-02;-0,04697973559442081;-0,01586565225459169;0,02081705472017048
2021-09-03;-0,03993870166114821;-0,013706371564971453;0,021020503559176174
2021-09-06;-0,027478003402137574;-0,0058115015435473705;0,021223992945535564
2021-09-08;-0,048853639955661055;-0,043396481047250246;0,02142752288732952
2021-09-09;-0,03408088293837741;-0,026965704549671066;0,02163109339264091
2021-09-10;-0,053830110731791;-0,036032996508037374;0,021834704469554156
2021-09-13;-0,037716313576521165;-0,01816832267750723;0,022038356126155012
2021-09-14;-0,04451353356398957;-0,020049258590731145;0,02224204837053101
2021-09-15;-0,0540630875918503;-0,029479242227432256;0,022445781210771232
2021-09-16;-0,05931192847965017;-0,04018286408340144;0,02264955465496654
2021-09-17;-0,07597842175451441;-0,060046559489869256;0,022853368711209354
2021-09-20;-0,09670694936274493;-0,08193458054285596;0,023057223387593417
2021-09-21;-0,08108913528630535;-0,07007540613033214;0,023261118692214477
2021-09-22;-0,06501480506117396;-0,05293611565647116;0,023465054633169835
2021-09-23;-0,05589544284225545;-0,03790549773106755;0,023707482800660706
2021-09-24;-0,06415578190342741;-0,04449299077244817;0,02394996839211161
2021-09-27;-0,06228896344932022;-0,041962583714299284;0,024192511421124552
2021-09-28;-0,08612851091641616;-0,07113817709475445;0,024435111901304873
2021-09-29;-0,08561533215433115;-0,0628468766342204;0,0246777698462608
2021-09-30;-0,08668911087732001;-0,06392651697903051;0,02492048526960433
2021-10-01;-0,07218097958999026;-0,047723477116684565;0,025163258184950132
2021-10-04;-0,11026505484839555;-0,06886924543261441;0,02540608860591642
2021-10-05;-0,10269673929508671;-0,06832099057001562;0,025648976546124524
2021-10-06;-0,09578442222295325;-0,0674606521702451;0,025891922019198876
2021-10-07;-0,10133715508633545;-0,06724978491539946;0,026134925038767465
2021-10-08;-0,07772302496597372;-0,0482886013596715;0,026377985618461386
2021-10-11;-0,08363025717488792;-0,053796454056242005;0,026621103771914845
2021-10-13;-0,07488163218993982;-0,043033789368916;0,026864279512765155
2021-10-14;-0,07850465203201507;-0,04531959041144373;0,027107512854653182
2021-10-15;-0,06572995725762876;-0,03297963865787168;0,0273508038112229
2021-10-18;-0,06594435353416961;-0,03483527050051416;0,02759415239612162
2021-10-19;-0,09805729301816668;-0,06650753217834282;0,027837558622999525
2021-10-20;-0,09750278719297312;-0,06555441218644009;0,02808102250551059
2021-10-21;-0,12791383070144524;-0,091288651967813;0,02832454405731144
2021-10-22;-0,14080049164305153;-0,10342617115673325;0,028568123292062264
2021-10-25;-0,12332381384173507;-0,08302265557786048;0,028811760223426353
2021-10-26;-0,13832463518475235;-0,10238026957269841;0,02905545486507033
2021-10-27;-0,14253030385518684;-0,10286104691374665;0,029299207230664148
2021-10-28;-0,14221014594978376;-0,10841107306128617;0,029600339006731646
2021-10-29;-0,16126540562792668;-0,1270011302484857;0,029901558881911594
2021-11-01;-0,1428067269991834;-0,10971001535113578;0,030202866881978263
2021-11-03;-0,1398725623146665;-0,10915332579834292;0,030504263032713475
2021-11-04;-0,15674854362939994;-0,1277518176757363;0,030805747359906377
2021-11-05;-0,14246217409410022;-0,11584203512204938;0,031107319889354113
2021-11-08;-0,14580083480544037;-0,11620472680038407;0,03140898064686115
2021-11-09;-0,13432596806950814;-0,1098449703942368;0,03171072965823929
2021-11-10;-0,12917954391613895;-0,10619274954030877;0,03201256694930832
2021-11-11;-0,11685822434532167;-0,09137299886975092;0,032314492545895135
2021-11-12;-0,14104778593107392;-0,10329121611363157;0,032616506473834406
2021-11-16;-0,1615970286800582;-0,1185073972232994;0,03291860875896857
2021-11-17;-0,1698617504123312;-0,13169081799625437;0,033220799427147174
2021-11-18;-0,17689297027296114;-0,13524182256785644;0,033523078504227755
2021-11-19;-0,17285310798917364;-0,1309316958788096;0,033825446016074956
2021-11-22;-0,17683359338330384;-0,13863256802577562;0,03412790198856164
2021-11-23;-0,16611154402474237;-0,12563471043708474;0,03443044644756754
2021-11-24;-0,1579072333983691;-0,1184567890821362;0,034733079418980406
2021-11-25;-0,14487227677049752;-0,10751699590073971;0,03503580092869529
2021-11-26;-0,17557430453021794;-0,137772229626005;0,03533861100261504
2021-11-29;-0,1746894715844427;-0,1327957624116457;0,03564150966665003
2021-11-30;-0,17965858514300614;-0,14037854889589807;0,035944496946718196
2021-12-01;-0,19499658608730175;-0,14999409571686328;0,036247572868745026
2021-12-02;-0,1695629071689857;-0,1188616542114398;0,03655073745866355
2021-12-03;-0,163836572204073;-0,11376710133436685;0,03685399074241458
2021-12-06;-0,14884937310412671;-0,0986774405776063;0,03715733274594624
2021-12-07;-0,14108888836276656;-0,09278159213211967;0,03746076349521443
2021-12-08;-0,1452663084738547;-0,08824372880783948;0,03776428301618262
2021-12-09;-0,16168918997445147;-0,10346834460770127;0,03812489572688782
2021-12-10;-0,15484357364586554;-0,09109465409335382;0,03848563374690395
2021-12-13;-0,1606014914123156;-0,09425766291603976;0,038846497119774615
2021-12-14;-0,16558789382933958;-0,09951247490679538;0,03920748588905876
2021-12-15;-0,1562128330207052;-0,09436731388855957;0,03956860009833041
2021-12-16;-0,1451303431988853;-0,08726530474535532;0,03992983979117848
2021-12-17;-0,15877259173778624;-0,09579277653131668;0,04029120501120742
2021-12-20;-0,1768759306783262;-0,11418883584405815;0,04065269580203679
2021-12-21;-0,1727226991361086;-0,11014018455102004;0,04101431220730101
2021-12-22;-0,17911292448781047;-0,11229946524064027;0,04137605427064983
2021-12-23;-0,1798530774406374;-0,115276910879062;0,04173792203574833
2021-12-27;-0,1682234094634809;-0,1098787091550113;0,042099915546276456
2021-12-28;-0,17336360549197272;-0,11550464751429534;0,0424620348459297
2021-12-29;-0,18138554542646934;-0,12188970799102405;0,04282427997841842
2021-12-30;-0,17355575654198596;-0,11585890450243608;0,0431866509874681
2022-01-03;-0,18331230739342597;-0,1234501256768823;0,04354914791681974
2022-01-04;-0,18286163293763824;-0,12689147927596467;0,043911770810229456
2022-01-05;-0,20276310582590484;-0,14804568228208836;0,04427451971146823
2022-01-06;-0,2018791299768884;-0,1433644292245131;0,044637394664322816
2022-01-07;-0,19875065166276817;-0,13359705798005883;0,04500039571259462
2022-01-10;-0,2108535606827162;-0,14012550819008263;0,04536352290010082
2022-01-11;-0,19792106861629044;-0,12465628637459991;0,04572677627067345
2022-01-12;-0,17941827787286513;-0,10857133217496773;0,04609015586815968
2022-01-13;-0,18232882044915222;-0,10988714384520515;0,0464536617364224
2022-01-14;-0,16192234177758147;-0,09809544695423189;0,0468172939193392
2022-01-17;-0,17045864698269386;-0,10008603383997561;0,047181052460803174
2022-01-18;-0,17229667773564117;-0,10151993117292657;0,047544937404722765
2022-01-19;-0,16305139128201473;-0,08894380809392732;0,0479089487950215
2022-01-20;-0,14918904028881053;-0,07975843047284736;0,04827308667563823
2022-01-21;-0,14465423280919587;-0,08110798090386007;0,04863735109052714
2022-01-24;-0,15778431501438595;-0,0911452622345168;0,049001742083657485
2022-01-25;-0,13427367727916806;-0,07349145565883242;0,04936625969901409
2022-01-26;-0,12490417026271883;-0,058916311003895494;0,049730903980596874
2022-01-27;-0,10634287717524915;-0,052657770880074284;0,05009567497242107
2022-01-28;-0,12442536493156608;-0,05971760657230929;0,05046057271851723
2022-01-31;-0,11665484905799184;-0,0520420384959247;0,05082559726293123
2022-02-01;-0,10870686916269501;-0,04564010863880841;0,05119074864972406
2022-02-02;-0,1251227945506731;-0,05395671316992401;0,05155602692297245
2022-02-03;-0,1294072691134477;-0,05787884411005462;0,051978415947866896
2022-02-04;-0,12910157570544467;-0,05324819919364243;0,052400974637984765
2022-02-07;-0,13352944241082076;-0,05534843705190595;0,05282370306147732
2022-02-08;-0,12970510923778145;-0,05334098078577454;0,05324660128652292
2022-02-09;-0,12916076545208577;-0,051426306111775344;0,05366966938132767
2022-02-10;-0,11579566436124888;-0,043851954317716824;0,05409290741412476
2022-02-11;-0,11159394003388357;-0,04205536530643128;0,054516315453174924
2022-02-14;-0,1047131303720038;-0,04007321311088141;0,05493989356676621
2022-02-15;-0,08211195406867233;-0,03287842237554506;0,05536364182321396
2022-02-16;-0,08934155375257946;-0,028483948784560065;0,055787560290861515
2022-02-17;-0,10474620767822684;-0,04242649167495982;0,05621164903807907
2022-02-18;-0,11119159109567733;-0,048836856222270075;0,05663590813326458
2022-02-21;-0,12273556435710808;-0,05763423809443391;0,05706033764484353
2022-02-22;-0,10957059411338144;-0,04779095463823524;0,05748493764126872
2022-02-23;-0,12165489760665316;-0,05524722076958033;0,05790970819102048
2022-02-24;-0,12146590535206647;-0,05875605189021327;0,05833464936260668
2022-02-25;-0,11004844116684065;-0,04568228208977809;0,05875976122456272
2022-03-02;-0,09764968262460483;-0,028542991615917113;0,05918504384545131
2022-03-03;-0,09979603657848302;-0,028610469137467787;0,05961049729386314
2022-03-04;-0,10795316110060693;-0,03444727475159759;0,06003612163841621
2022-03-07;-0,13759942005303172;-0,05874761720001942;0,06046191694775582
2022-03-08;-0,13317441625419046;-0,06203714637561286;0,06088788329055528
2022-03-09;-0,10485511674066472;-0,039288786922855534;0,061314020735515395
2022-03-10;-0,11257634133760785;-0,04128780849879299;0,06174032935136431
2022-03-11;-0,1311463849229132;-0,057735454376759865;0,06216680920685813
2022-03-14;-0,14425236136311492;-0,07279137637274491;0,06259346037078029
2022-03-15;-0,16307914651582744;-0,08096459117056531;0,06302028291194195
2022-03-16;-0,14219960452627267;-0,06280470318325104;0,06344727689918206
2022-03-17;-0,12325865041087802;-0,046238971642570625;0,06391241810362502
2022-03-18;-0,10627995835469528;-0,02738743905936225;0,06437776275617946
2022-03-21;-0,1009519295614133;-0,02026856053577042;0,06484331094583151
2022-03-22;-0,09090687425945831;-0,010847011589263156;0,0653090627616062
2022-03-23;-0,08900796202171957;-0,009286593903404694;0,0657750182925676
2022-03-24;-0,06905761559137591;0,004175171645946607;0,06624117762781867
2022-03-25;-0,06902703905270113;0,0044113429713739105;0,06670754085650143
2022-03-28;-0,06700604695182655;0,0015182442348904424;0,06717410806779678
2022-03-29;-0,04700988632233705;0,01228090892221645;0,06764087935092467
2022-03-30;-0,046129732335472906;0,014355842709898425;0,06810785479514414
2022-03-31;-0,04449982611413661;0,012154388569309171;0,0685750344897531
2022-04-01;-0,030747458787117266;0,025405286863814824;0,06904241852408877
2022-04-04;-0,03890623156318995;0,02295922670760442;0,06951000698752718
2022-04-05;-0,058273413941409724;0,0027581436933834524;0,0699777999694835
2022-04-06;-0,06648078744155106;-0,0027834477639623323;0,07044579755941216
2022-04-07;-0,060308324012932735;0,0025641458189253896;0,07091399984680669
2022-04-08;-0,06973570106440408;-0,0019905868857423847;0,07138240692119968
2022-04-11;-0,07612918654821232;-0,013537677761094602;0,07185101887216305
2022-04-12;-0,0828045706425472;-0,020336038057320982;0,07231983578930756
2022-04-13;-0,07998757788554167;-0,014980009784239523;0,0727888577622835
2022-04-14;-0,08523585709150072;-0,020040823900537075;0,07325808488078023
2022-04-18;-0,08755113686326177;-0,02421599554648257;0,07372751723452642
2022-04-19;-0,0931503756946842;-0,0295298503685949;0,07419715491328982
2022-04-20;-0,10084790566595869;-0,03554378447679507;0,07466699800687748
2022-04-22;-0,1220785898765745;-0,06309148264984121;0,07513704660513576
2022-04-25;-0,12598276198135094;-0,06640631589601609;0,07560730079795053
2022-04-26;-0,15029355149521018;-0,0872568700551618;0,07607776067524674
2022-04-27;-0,14028599588998858;-0,07767506199497187;0,07654842632698866
2022-04-28;-0,1359749542701838;-0,07286728858448932;0,07701929784317985
2022-04-29;-0,15599777394231962;-0,09009936065048241;0,0774903753138636
2022-05-02;-0,16728191435057105;-0,10053307242024911;0,07796165882912232
2022-05-03;-0,1701155338299284;-0,10146932303176415;0,07843314847907767
2022-05-04;-0,14684539680629516;-0,08615192563977048;0,07890484435389111
2022-05-05;-0,17586155078722565;-0,11179338382901127;0,07941493977525305
2022-05-06;-0,18092169380734902;-0,11321884647176839;0,0799252763646292
2022-05-09;-0,19974799779477337;-0,12911823748713636;0,08043585423604149
2022-05-10;-0,20086636571998873;-0,13029909411427243;0,08094667350356555
2022-05-11;-0,1840367926953962;-0,1194436478348142;0,08145773428133118
2022-05-12;-0,16589064938257936;-0,1085544627945807;0,08196903668352196
2022-05-13;-0,15628463477585364;-0,09812918571500784;0,08248058082437537
2022-05-16;-0,15147422585887493;-0,0870881762512854;0,08299236681818312
2022-05-17;-0,15458544119621043;-0,0823984885035165;0,08350439477929106
2022-05-18;-0,1756559057959488;-0,10383947097623036;0,08401666482209857
2022-05-19;-0,1768035304401554;-0,0974459758093078;0,08452917706105967
2022-05-20;-0,16791051705499138;-0,08493733025185923;0,0850419316106823
2022-05-23;-0,14951676274770154;-0,06926567587172461;0,08555492858552838
2022-05-24;-0,15247975253058388;-0,06728352367617463;0,08606816810021423
2022-05-25;-0,15386889901847245;-0,06729195836636848;0,08658165026941012
2022-05-26;-0,137660652591852;-0,0562425142124523;0,08709537520784094
2022-05-27;-0,1401850669770459;-0,055803910322373085;0,08760934303028534
2022-05-30;-0,15559686471166478;-0,06347947839875767;0,08812355385157655
2022-05-31;-0,15558875876732103;-0,060788812226926225;0,08863800778660202
2022-06-01;-0,15205319254320926;-0,0607129000151817;0,08915270495030336
2022-06-02;-0,14941324434167913;-0,05199986504495624;0,0896676454576768
2022-06-03;-0,1626134206606774;-0,06288905008518975;0,09018282942377254
2022-06-06;-0,1722303037648284;-0,0706152263027372;0,0906982569636956
2022-06-07;-0,17468285876095113;-0,07159365036522136;0,09121392819260543
2022-06-08;-0,1926096718934478;-0,08594949307511868;0,09172984322571542
2022-06-09;-0,20491360616943954;-0,09669528838205699;0,09224600217829404
2022-06-10;-0,21815215749832229;-0,11030044366470348;0,0927624051656637
2022-06-13;-0,24172242460409676;-0,134617655493513;0,09327905230320188
2022-06-14;-0,24502950336883766;-0,13913021474721166;0,09379594370634026
2022-06-15;-0,2415735610471379;-0,13285480524300275;0,09431307949056511
2022-06-17;-0,26653829102744686;-0,15800705140100135;0,09484969779535501
2022-06-20;-0,25101941107503256;-0,15777088007557416;0,09538657924166305
2022-06-21;-0,2545085015054779;-0,15918790802813743;0,09592372395852578
2022-06-22;-0,2550620221071793;-0,16056276252973156;0,09646113207504348
2022-06-23;-0,25720332382442257;-0,17272558578923325;0,09699880372037928
2022-06-24;-0,2557234084312221;-0,16773224919448637;0,09753673902375981
2022-06-27;-0,2433374533399143;-0,15008687730899573;0,09807493811447499
2022-06-28;-0,24366219581915405;-0,15154607871252812;0,09861340112187822
2022-06-29;-0,2449120477465736;-0,15971929351034864;0,09915212817538643
2022-06-30;-0,25071086978668145;-0,16882875891968419;0,09969111940447983
2022-07-01;-0,25165524780620907;-0,16535366655982664;0,10023037493870235
2022-07-04;-0,2556442992395703;-0,1682636346766977;0,1007698949076612
2022-07-05;-0,24516316056359155;-0,17091212739756012;0,10130967944102709
2022-07-06;-0,2385899629212116;-0,1673358187553765;0,1018497286685347
2022-07-07;-0,22146765163279836;-0,1503736567755859;0,10239004271998198
2022-07-08;-0,22026725172216355;-0,1540933551510646;0,1029306217252306
2022-07-11;-0,23392302414726507;-0,17161220668364785;0,10347146581420619
2022-07-12;-0,2262861137574841;-0,17111455996221192;0,10401257511689765
2022-07-13;-0,22312411931149034;-0,17440408913780525;0,10455394976335786
2022-07-14;-0,23122500333103446;-0,18924914387894465;0,10509558988370338
2022-07-15;-0,2308204478891135;-0,18562222709559806;0,10563749560811475
2022-07-18;-0,22821516689757582;-0,1825435651748505;0,10617966706683624
2022-07-19;-0,21630369730452992;-0,17133386190725142;0,10672210439017582
2022-07-20;-0,2153578758324477;-0,17097960491911068;0,10726480770850566
2022-07-21;-0,21374607726965644;-0,1646873260345142;0,10780777715226186
2022-07-22;-0,2156623387585178;-0,1655982725754478;0,10835101285194404
2022-07-25;-0,2031763116140307;-0,1542536142647476;0,10889451493811642
2022-07-26;-0,21139449681479383;-0,15845408998127453;0,10943828354140672
2022-07-27;-0,19755290625592248;-0,14440189611835508;0,10998231879250708
2022-07-28;-0,18622911012318488;-0,13462609018370708;0,11052662082217335
2022-07-29;-0,1885963543867044;-0,129835186153612;0,11107118976122599
2022-08-01;-0,1917124233180565;-0,13776379493581148;0,11161602574054919
2022-08-02;-0,18313630971422035;-0,1281735521854277;0,11216112889109175
2022-08-03;-0,1756253489393026;-0,12469002513537619;0,11270649934386623
2022-08-04;-0,1482887598466145;-0,10683378599503979;0,11327162072075292
2022-08-05;-0,14710021454293676;-0,10194166568261886;0,11383702911148452
2022-08-08;-0,12548293880979167;-0,0856627136085285;0,11440272466182977
2022-08-09;-0,12685259107238933;-0,0835624757502651;0,11496870751763111
2022-08-10;-0,10593659809326927;-0,0701934917930459;0,11553497782480515
2022-08-11;-0,1118775281779485;-0,07456266131344946;0,1161015357293429
2022-08-12;-0,07042379137168253;-0,0488705949830458;0,11666838137730906
2022-08-15;-0,05904458566832704;-0,04661009801109961;0,11723551491484296
2022-08-16;-0,05087762595129397;-0,0425614467180615;0,11780293648815787
2022-08-17;-0,05420237129441352;-0,04090824744007093;0,11837064624354143
2022-08-18;-0,0499190009559346;-0,04002260496971888;0,11893864432735568
2022-08-19;-0,07689165322126068;-0,05956578214882102;0,11950693088603659
2022-08-22;-0,08166863698167826;-0,06795829889168115;0,12007550606609496
2022-08-23;-0,05613199377970113;-0,04808616879501959;0,12064437001411576
2022-08-24;-0,04693280444964276;-0,047740346497072705;0,12121352287675857
2022-08-25;-0,03639433677612902;-0,04239275291418487;0,12178296480075734
2022-08-26;-0,046495018323558734;-0,05279272592317619;0,12235269593292042
2022-08-29;-0,0479873839757724;-0,052590293358524276;0,12292271642013075
2022-08-30;-0,05953588095773221;-0,06854872720524907;0,12349302640934612
2022-08-31;-0,0724882583022135;-0,07620742590124596;0,12406362604759891
2022-09-01;-0,0601623429162611;-0,06876802915028857;0,12463451548199589
2022-09-02;-0,05585666457001459;-0,06489650635132094;0,12520569485971889
2022-09-05;-0,04624220081895236;-0,05360245618178361;0,12577716432802433
2022-09-06;-0,07473547938693503;-0,074174665564533;0,12634892403424325
2022-09-08;-0,0673568915143189;-0,07289259265507086;0,12692097412578174
2022-09-09;-0,04688138123554275;-0,05278429123298212;0,1274933147501207
2022-09-12;-0,02432530770913177;-0,043447089188413224;0,12806594605481592
2022-09-13;-0,04460275277265524;-0,06548693466488897;0,12863886818749815
2022-09-14;-0,05189015254850271;-0,06757030314276469;0,12921208129587325
2022-09-15;-0,0599637886342409;-0,07257207442770541;0,1297855855277219
2022-09-16;-0,058906710698460096;-0,07825705561834628;0,13035938103089983
2022-09-19;-0,03916389361869721;-0,05679920376524483;0,13093346795333782
2022-09-20;-0,03227942608204648;-0,05095396346092107;0,13150784644304192
2022-09-21;-0,03125596224682736;-0,05585451846353584;0,13208251664809345
2022-09-22;-0,02078427923357351;-0,03785488958990435;0,1326574787166488
2022-09-23;-0,039135850948083806;-0,05771015030617832;0,13323273279693937
2022-09-26;-0,05752330144032336;-0,07965721419052185;0,13380827903727233
2022-09-27;-0,07089821390681661;-0,08588201555356778;0,13438411758602986
2022-09-28;-0,06521846317793334;-0,08524941378903061;0,13496024859166944
2022-09-29;-0,07437109860051316;-0,09188751497157421;0,13553667220272425
2022-09-30;-0,04257582993062736;-0,07187199514161768;0,13611338856780253
2022-10-03;0,016258394862518566;-0,02044568902984112;0,13669039783558845
2022-10-04;0,0144625265973366;-0,019635958771233586;0,13726770015484124
2022-10-05;0,02537260415712872;-0,011471178663606918;0,13784529567439585
2022-10-06;0,03482961906131821;-0,008409386123246931;0,13842318454316294
2022-10-07;0,023059815095446412;-0,018412928693128383;0,13900136691012865
2022-10-10;0,019161713585220674;-0,022073584237250254;0,13957984292435488
2022-10-11;0,007562390764984217;-0,03146982911317597;0,14015861273497943
2022-10-13;0,0017604113720857129;-0,035914910845323944;0,14073767649121538
2022-10-14;-0,02518024228561533;-0,05470740059717538;0,14131703434235177
2022-10-17;-0,014637660984888945;-0,0416167614163524;0,14189668643775355
2022-10-18;-0,0010763577127446133;-0,02374365289562841;0,14247663292686163
2022-10-19;0,0066608389049145345;-0,019264832402705157;0,14305687395919264
2022-10-20;0,015093267258208254;-0,011698915298840484;0,14363740968433913
2022-10-21;0,03786185983936052;0,011563960255740469;0,1442182402519696
2022-10-24;-0,0019036342216162128;-0,021466286543294633;0,14479936581182873
2022-10-25;-0,006620134896566543;-0,03316520184213567;0,14538078651373731
2022-10-26;-0,017539672562300712;-0,04887059498304558;0,1459625025075919
2022-10-27;0,005161240556328162;-0,03303868148922817;0,14654451394336543
2022-10-28;0,00547980792860403;-0,03389901988899868;0,14712682097110696
2022-10-31;0,009014190784648823;-0,02126385397864261;0,14770942374094176
2022-11-01;0,014610512513811402;-0,013740110325747068;0,14829232240307122
2022-11-03;0,029262723118264278;-0,014018455102143501;0,14887551710777336
2022-11-04;0,04072401817153515;-0,0033991801481125794;0,14945900800540213
2022-11-07;0,01502041337015636;-0,02712596366335407;0,15004279524638786
2022-11-08;0,025262384409216576;-0,020226387084801734;0,15062687898123772
2022-11-09;0,0030358007278250554;-0,04198788778488105;0,1512112593605348
2022-11-10;-0,03419377341658192;-0,07408188397240101;0,15179593653493884
2022-11-11;-0,03803614653074494;-0,053180721672092424;0,1523809106551861
2022-11-14;-0,02224900422303655;-0,045522022976095644;0,15296618187208977
2022-11-16;-0,060087942027307384;-0,07013444896168919;0,1535517503365389
2022-11-17;-0,056933525677725694;-0,07468918166635696;0,15413761619949984
2022-11-18;-0,0694024091156179;-0,08163093169587843;0,15472377961201533
2022-11-21;-0,055047535769605416;-0,07430962060763469;0,15531024072520472
2022-11-22;-0,07107069246048792;-0,08030668533544727;0,15589699969026416
2022-11-23;-0,06953997071304963;-0,08329256566406285;0,15648405665846687
2022-11-24;-0,042401406675154574;-0,05674016093388867;0,15707141178116268
2022-11-25;-0,06784280468299486;-0,08081276674707716;0,15765906520977802
2022-11-28;-0,07178168861363221;-0,08245753133487388;0,1582470170958168
2022-11-29;-0,05538322571899301;-0,06450851060240537;0,15883526759085953
2022-11-30;-0,03998941332148909;-0,05121543885693047;0,1594238168465636
2022-12-01;-0,06023399053935441;-0,06437355555930402;0,1600126650146636
2022-12-02;-0,04381938446460654;-0,05595573474586246;0,16060181224697123
2022-12-05;-0,06813512979656478;-0,07723645810489344;0,1611912586953752
2022-12-06;-0,06089606531231817;-0,07612307899930804;0,16178100451184152
2022-12-07;-0,076642395229785;-0,0775738457126467;0,162371049848413
2022-12-08;-0,0940340579622333;-0,09542165016278925;0,16296139485720995
2022-12-09;-0,09690680576333532;-0,09167664771672912;0,16355203969042997
2022-12-12;-0,11669686340364438;-0,11213077143676486;0,16414298450034792
2022-12-13;-0,13333772888590611;-0,12370316638269852;0,16473422943931593
2022-12-14;-0,14536511136624786;-0,12445385380994933;0,1653257746597636
2022-12-15;-0,14042867128819336;-0,12500210867254824;0,16591762031419788
2022-12-16;-0,149668857516835;-0,13270298081951426;0,1665097665552031
2022-12-19;-0,12429332570650176;-0,1183218340390354;0,1671022135354412
2022-12-20;-0,10149970355262106;-0,09766527775434775;0,1676949614076515
2022-12-21;-0,10843898822759024;-0,09484809122960869;0,16828801032465113
2022-12-22;-0,10350429625656699;-0,09481435246883341;0,16888136043933488
2022-12-23;-0,08309013129176324;-0,07473135511732609;0,16947501190467484
2022-12-26;-0,09099624500878123;-0,08282865770340209;0,17006896487372103
2022-12-27;-0,10268074011367101;-0,08612662156918927;0,17066321949960117
2022-12-28;-0,08612136234213108;-0,07018505710285217;0,17125777593552072
2022-12-29;-0,08864136362419817;-0,071922603282781;0,17185263433476283
2023-01-02;-0,11660253678260346;-0,10275139594122673;0,17244779485068884
2023-01-03;-0,13170809670022532;-0,12139206126958924;0,17304325763673756
2023-01-04;-0,12329917090149534;-0,11154034312319683;0,17363902284642618
2023-01-05;-0,10291218140087821;-0,09311897973987393;0,1742350906333494
2023-01-06;-0,0900624752610284;-0,08200205806440708;0,1748314611511803
2023-01-09;-0,08654848471710619;-0,07870409419861979;0,1754281345536699
2023-01-10;-0,06739964023211886;-0,06449164122201756;0,17602511099464713
2023-01-11;-0,05959073890038724;-0,05731371986706901;0,1766223906280191
2023-01-12;-0,05636098480500018;-0,05635216518497255;0,1772199736077713
2023-01-13;-0,050203390450304086;-0,06445790246124239;0,17781786008796718
2023-01-16;-0,051260350172204094;-0,07882217986133344;0,17841605022274876
2023-01-17;-0,024603058530133337;-0,0600465594898697;0,179014544166336
2023-01-18;-0,02515485681028573;-0,051502218323520754;0,17961334207302726
2023-01-19;-0,01299889361460349;-0,04682939995613933;0,18021244409719928
2023-01-20;-0,0158022312183157;-0,052775856542788935;0,18081185039330738
2023-01-23;-0,009393786382335345;-0,05776919313753581;0,18141156111588508
2023-01-24;0,007671070557701221;-0,04664383677187511;0,18201157641954469
2023-01-25;0,02131842821570773;-0,03680055331567644;0,18261189645897669
2023-01-26;0,016386268985527197;-0,03752593667234572;0,1832125213889504
2023-01-27;0,010388953412011404;-0,051080483813829236;0,18381345136431348
2023-01-30;0,004164860537687831;-0,05625938359284033;0,1844146865399925
2023-01-31;0,014463778798474047;-0,042392752914185095;0,18501622707099252
2023-02-01;-0,001310078217640398;-0,05275898716240113;0,1856180731123973
2023-02-02;-0,010959527623912058;-0,07273233354138864;0,18622022481936962
2023-02-03;-0,01929191102060157;-0,08492046087147176;0,18682268234715083
2023-02-06;-0,02018418549701584;-0,08520724033806193;0,18742544585106136
2023-02-07;-0,028352605603174208;-0,08972823428195442;0,18802851548650024
2023-02-08;-0,0030924525268977154;-0,07317937212166148;0,18863189140894554
2023-02-09;-0,015678514175231806;-0,09088378683850895;0,1892355737739544
2023-02-10;-0,015080559403311322;-0,08778825553737357;0,18983956273716274
2023-02-13;-0,0034099966435763296;-0,08191771116246849;0,1904438584542858
2023-02-14;-0,008502966597598305;-0,09192968842254368;0,19104846108111762
2023-02-15;-0,001372449131804676;-0,07689063580694633;0,1916533707735315
2023-02-16;0,0006767559681590818;-0,0729853742472033;0,19225858768748005
2023-02-17;-0,003967445544039938;-0,07806305774388844;0,1928641119789949
2023-02-22;-0,025963821225745587;-0,09620607635081502;0,1934699438041867
2023-02-23;-0,017393297945968555;-0,09141517232072005;0,19407608331924608
2023-02-24;-0,02876375132790787;-0,10699404510872257;0,19468253068044228
2023-02-27;-0,029312541534160075;-0,10836046492012297;0,1952892860441242
2023-02-28;-0,031056623398743932;-0,11493108858111589;0,1958963495667203
2023-03-01;-0,046611035562118874;-0,11954486411714049;0,19650372140473826
2023-03-02;-0,06572129694907747;-0,12847720103240556;0,19711140171476527
2023-03-03;-0,06521779098858582;-0,12392246832773779;0,19771939065346822
2023-03-06;-0,050158721170449505;-0,11688793670608433;0,1983276883775933
2023-03-07;-0,05101811764075326;-0,12086911047757165;0,1989362950439666
2023-03-08;-0,028867595732781304;-0,10136810674943852;0,1995452108094935
2023-03-09;-0,03853130893223222;-0,11375866664417356;0,20015443583115955
2023-03-10;-0,04930319774935343;-0,12601427149580735;0,20076397026602955
2023-03-13;-0,042297378952019904;-0,13020631252214043;0,20137381427124823
2023-03-14;-0,04480068402326143;-0,13180046896877418;0,20198396800404028
2023-03-15;-0,04719999346116521;-0,13396818434858826;0,2025944316217101
2023-03-16;-0,03220609542097952;-0,12755781980127812;0,2032052052816422
2023-03-17;-0,044497629876829814;-0,1398134246529119;0,20381628914130068
2023-03-20;-0,051741081639390396;-0,14874576156817698;0,2044276833582297
2023-03-21;-0,04965069935237143;-0,14811315980363982;0,20503938809005362
2023-03-22;-0,05689638977935474;-0,15466691408424504;0,20565140349447675
2023-03-23;-0,08731327884213036;-0,17402452807908309;0,20626372972928353
2023-03-24;-0,07595881005887128;-0,16640800283405544;0,20687636695233835
2023-03-27;-0,06461064480982592;-0,15931442838104515;0,2074893153215862
2023-03-28;-0,04894146982660608;-0,14653587273739388;0,2081025749950518
2023-03-29;-0,041157263472872185;-0,14140758109954576;0,20871614613084022
2023-03-30;-0,025403274322064573;-0,12521297592739378;0,20933002888713714
2023-03-31;-0,045449271479841236;-0,14065689367229495;0,20994422342220842
2023-04-03;-0,050602346010999666;-0,14382833718517474;0,21055872989440005
2023-04-04;-0,05048306166655858;-0,14076654464481464;0,21117354846213887
2023-04-05;-0,05387930722817036;-0,14828185360751645;0,21178867928393186
2023-04-06;-0,05478575908655914;-0,14959766527775387;0,2124041225183666
2023-04-10;-0,050281421267792004;-0,14095210782907897;0,2130198783241113
2023-04-11;-0,0009442918040230008;-0,10411781575262691;0,2136359468599145
2023-04-12;0,013588009079968044;-0,09841596518159823;0,21425232828460583
2023-04-13;0,010397021685003338;-0,1020597513453324;0,21486902275709507
2023-04-14;0,008079712587709453;-0,10356956089002778;0,21548603043637304
2023-04-17;0,010082013598973871;-0,10578788441100495;0,21610335148151116
2023-04-18;0,006475764124407757;-0,10454798495251205;0,21672098605166168
2023-04-19;-0,02041199152202;-0,1235260378886277;0,21733893430605766
2023-04-20;-0,01128431820864284;-0,1196966885406292;0,217957196404013
2023-04-24;-0,013325165970083264;-0,12323925842203742;0,21857577250492266
2023-04-25;-0,021707478233720545;-0,12937127819295124;0,21919466276826238
2023-04-26;-0,032456735522140345;-0,13702997688894814;0,2198138673535892
2023-04-27;-0,02452129396287639;-0,13187638118051848;0,22043338642054078
2023-04-28;-0,011185236552549327;-0,11914843367803019;0,221053220128836
2023-05-02;-0,03674735343924407;-0,14027733261357223;0,22167336863827503
2023-05-03;-0,03363667537302317;-0,14137384233877004;0,2222938321087391
2023-05-04;-0,024189266924756203;-0,1381939641356964;0,22291461070019047
2023-05-05;0,0009741410546999507;-0,11310919549924836;0,2235357045726729
2023-05-08;0,008274561985451623;-0,10556858246596512;0,2241571138863112
2023-05-09;0,022820824205911583;-0,09652659457818014;0,2247788388013119
2023-05-10;0,02819582592829528;-0,09370940805344119;0,22540087947796228
2023-05-11;0,0407042706672156;-0,08689417837682722;0,22602323607663166
2023-05-12;0,039684058936072075;-0,08513976281651081;0,22664590875777035
2023-05-15;0,0452413481154228;-0,08037416285699739;0,22726889768191016
2023-05-16;0,011526796770510606;-0,0874171291688447;0,22789220300966484
2023-05-17;0,014568033452872609;-0,07673881138345706;0,2285158249017294
2023-05-18;0,022534877816959398;-0,0712731321378558;0,22913976351888055
2023-05-19;0,029702730205561245;-0,06590023448438664;0,22976401902197652
2023-05-22;0,02949959862269469;-0,07038748966750374;0,23038859157195746
2023-05-23;0,0277177523141674;-0,07278294168255128;0,231013481329845
2023-05-24;0,02404434286797663;-0,08230570691138439;0,23163868845674274
2023-05-25;0,0322036027456587;-0,0717286054083226;0,23226421311383616
2023-05-26;0,039502645574652995;-0,0645422493631801;0,2328900554623925
2023-05-29;0,0340664669461086;-0,06937532684424419;0,23351621566376068
2023-05-30;0,020507530673189223;-0,08089711364901486;0,23414269387937203
2023-05-31;0,014019261240144187;-0,08622783785151489;0,23476949027073957
2023-06-01;0,035877545886566775;-0,06741847871927586;0,23539660499945825
2023-06-02;0,05153648412801859;-0,05060814116297441;0,2360240382272054
2023-06-05;0,04754695457105096;-0,04944415391622592;0,23665179011574033
2023-06-06;0,0648232658086878;-0,03330015688523691;0,23727986082690444
2023-06-07;0,06708703644439007;-0,025894498895054907;0,23790825052262132
2023-06-09;0,08707234515216644;-0,012980988208302402;0,23853695936489672
2023-06-12;0,08820780069349698;-0,010307191416858652;0,23916598751581897
2023-06-13;0,07932161329493925;-0,015308962701799378;0,23979533513755857
2023-06-14;0,0967800890191397;0,004310126689047289;0,2404250023923682
2023-06-15;0,09480531754612276;0,005592199598509318;0,2410549894425833
2023-06-16;0,08989325218572297;0,0016869380387662947;0,2416852964506213
2023-06-19;0,10310283988516189;0,010965097251978362;0,24231592357898268
2023-06-20;0,09480176415333808;0,008974510366234645;0,24294687099025003
2023-06-21;0,10782608634973401;0,01570539314091035;0,24357813884708857
2023-06-22;0,0975953947270718;0,0031714435128802343;0,24420972731224633
2023-06-23;0,09011241518380442;0,0035341351912148156;0,24484163654855373
2023-06-26;0,08490533462289873;-0,0026569274110557206;0,24547386671892402
2023-06-27;0,07952385683027918;-0,008729904350612716;0,24610641798635324
2023-06-28;0,07138826406696541;-0,015831913493816963;0,24673929051392007
2023-06-29;0,08537529149406109;-0,0014760707839197584;0,2473724844647862
2023-06-30;0,07634625822516106;-0,003972739081293253;0,2480060000021962
2023-07-03;0,09291342427469007;0,009404679566119789;0,24863983728947736
2023-07-04;0,08349235984264447;0,004369169520403782;0,2492739964900399
2023-07-05;0,08759400219599867;0,008358777982085064;0,24990847776737724
2023-07-06;0,06333066444349122;-0,009548069299414319;0,25054328128506564
2023-07-07;0,0725441996807128;0,002867794665902146;0,25117840720676465
2023-07-10;0,05998783197042146;-0,005195769159398567;0,25181385569621684
2023-07-11;0,053671106017077586;-0,011285615479343258;0,2524496269172478
2023-07-12;0,050662585313753894;-0,0075237436528954316;0,2530857210337665
2023-07-13;0,06071097846924678;0,005954891276843677;0,2537221382097652
2023-07-14;0,04926551978104832;-0,007144182594173043;0,25435887860931916
2023-07-17;0,05157749216002716;-0,0028593599757078536;0,2549959423965873
2023-07-18;0,048690499433384105;-0,00604767286897534;0,25563332973581177
2023-07-19;0,05225453967946292;-0,008485298334992009;0,256271040791318
2023-07-20;0,059240754103685234;-0,004006477842068645;0,2569090757275152
2023-07-21;0,07853655923998115;0,013993151031562734;0,25754743470889574
2023-07-24;0,08684953772462345;0,02348217749962056;0,25818611790003576
2023-07-25;0,08954387460481805;0,029099681168710756;0,2588251254655949
2023-07-26;0,09113130221375831;0,033755630155704486;0,25946445757031644
2023-07-27;0,07240039777853702;0,012078476357563428;0,26010411437902725
2023-07-28;0,07579482021050432;0,013740110325747734;0,26074409605663806
2023-07-31;0,09436656672318167;0,02855142630611196;0,26138440276814334
2023-08-01;0,09302363492203014;0,022689316621400613;0,26202503467862126
2023-08-02;0,08820638959033156;0,01940822213600102;0,2626659919532339
2023-08-03;0,07872758625961596;0,01710555171308581;0,263285165475708
2023-08-04;0,0701163040908539;0,008012955684137957;0,2639046426223024
2023-08-07;0,06690138836220894;0,006933315339327839;0,2645244235419051
2023-08-08;0,06150906686286928;0,004487255183117433;0,26514450838347736
2023-08-09;0,05825414730206635;-0,0012567688388802623;0,26576489729605357
2023-08-10;0,05201238463760238;-0,0017544155603161915;0,26638559042874066
2023-08-11;0,05225654734400664;-0,0041583022655574675;0,2670065879307193
2023-08-14;0,03755492898695301;-0,014743838458813108;0,267627889951243
2023-08-15;0,033015817366677025;-0,020133605492669848;0,2682494966396385
2023-08-16;0,038008153967518554;-0,025017291114896922;0,26887140814530586
2023-08-17;0,027786438189288942;-0,030162452133132733;0,2694936246177182
2023-08-18;0,035856085155249184;-0,026560839420367577;0,2701161462064221
2023-08-21;0,03408778796890588;-0,0348268358103202;0,27073897306103745
2023-08-22;0,0506594471153361;-0,020260125845577237;0,2713621053312574
2023-08-23;0,06534674790555428;-0,00356787395198932;0,27198554316684875
2023-08-24;0,05248219974603452;-0,01292194537694591;0,2726092867176515
2023-08-25;0,03763940106352903;-0,022950792017408794;0,27323333613357925
2023-08-28;0,05218773343330496;-0,012120649808532113;0,27385769156461914
2023-08-29;0,061118726118309485;-0,0012989422898493919;0,2744823531608318
2023-08-30;0,055346534244409495;-0,008628688068286872;0,27510732107235136
2023-08-31;0,037212692788249235;-0,02375208758582259;0,27573259544938566
2023-09-01;0,05582403076237763;-0,005609068978896015;0,2763581764422163
2023-09-04;0,04990218149024117;-0,006587493041380288;0,27698406420119825
2023-09-05;0,045299397370009764;-0,010349364867828115;0,2776102588767606
2023-09-06;0,03179180337577869;-0,021702457868722158;0,27823676061940605
2023-09-08;0,02108708375385615;-0,02737056967897533;0,27886356957971103
2023-09-11;0,03314388211042396;-0,014128106074663638;0,27949068590832593
2023-09-12;0,040489158197098085;-0,0049764672143590705;0,28011810975597484
2023-09-13;0,04419477083994172;-0,003222051654042657;0,28074584127345603
2023-09-14;0,04435205678070453;0,0070345316216535725;0,2813738806116415
2023-09-15;0,034248106374137555;0,0016869380387658506;0,2820022279214771
2023-09-18;0,03585213360070916;-0,002277366352333887;0,282630883353983
2023-09-19;0,033758972910836293;-0,0060054994180064325;0,2832598470602534
2023-09-20;0,03763993110827113;0,0011555525565545288;0,28388911919145654
2023-09-21;0,00973356271877579;-0,0203529074377099;0,28449612912811895
2023-09-22;0,0023314355833277123;-0,02150002530407069;0,2851034260530092
2023-09-25;0,0013322921986878011;-0,02220853928035238;0,28571101010181277
2023-09-26;-0,013077915332338708;-0,03681742269606447;0,2863188814102786
2023-09-27;-0,014065576003651548;-0,035687174210091266;0,28692704011422054
2023-09-28;-0,001067531507413011;-0,02384486917795514;0,2875354863495161
2023-09-29;0,008130076526565055;-0,01681033755630157;0,2881442202521072
2023-10-02;-0,00795919566730452;-0,02952985036859601;0,2887532419580001
2023-10-03;-0,029710956963123758;-0,04334587290608827;0,2893625516032654
2023-10-04;-0,02641225220284693;-0,04176015114964826;0,2899721493240377
2023-10-05;-0,03246911489236837;-0,0444845560822551;0,2905820352565165
2023-10-06;-0,023626828751904028;-0,037011420570522535;0,29119220953696523
2023-10-09;-0,015169164106301092;-0,028694816039407045;0,291802672301712
2023-10-10;0,00017688109975488864;-0,015359570842963133;0,2924134236871494
2023-10-11;-0,002466880138721761;-0,012711078122100816;0,29302446382973435
2023-10-13;-0,016503250480285447;-0,0236508713034973;0,2936357928659883
2023-10-16;-0,013522844989911187;-0,01707181295231064;0,2942474109324973
2023-10-17;-0,023152135607653723;-0,022351929013647687;0,2948593181659118
2023-10-18;-0,0320936040570895;-0,03793923649184405;0,2954715147029474
2023-10-19;-0,04178465570011303;-0,03841157914269844;0,29608400068038376
2023-10-20;-0,05349814051068413;-0,04557263111725951;0,2966967762350654
2023-10-23;-0,06198964992834588;-0,04869346648897632;0,2973098415039015
2023-10-24;-0,05963128985942545;-0,04045277416960513;0,297923196623866
2023-10-25;-0,07180583461171386;-0,048313905430253934;0,29853684173199757
2023-10-26;-0,054657508169572155;-0,03189156362286849;0,2991507769653998
2023-10-27;-0,06793918891457673;-0,04434116634896046;0,29976500246124105
2023-10-30;-0,0741722877313129;-0,050827443108015014;0,3003795183567546
2023-10-31;-0,07014117747951532;-0,04566541270939162;0,3009943247892384
2023-11-01;-0,06106770453754218;-0,029563589129371737;0,30160942189605544
2023-11-03;-0,025875046490070774;-0,00335700669714456;0,302201823392243
2023-11-06;-0,029307618455478357;-0,0005988630037623288;0,30279449450812357
2023-11-07;0,0018428074261052085;0,005988630037618403;0,303387435366409
2023-11-08;0,0009317897077829596;0,004563167394861178;0,3039806460898673
2023-11-09;-0,0073728852738853545;0,0038293493479979457;0,30457412680132223
2023-11-10;0,009370636204213856;0,01752728622277644;0,30516787762365327
2023-11-13;0,002366821245699313;0,015334266772380811;0,3057618986797961
2023-11-14;0,02562631590392761;0,040233472224564526;0,3063561900927423
2023-11-16;0,06244321612666148;0,05075996558646323;0,3069507519855392
2023-11-17;0,06869321306135623;0,05485922502066409;0,30754558448129043
2023-11-20;0,07877512727931935;0,06357225999088967;0,3081406877031554
2023-11-21;0,06978295230016118;0,05945613117630111;0,30873606177434976
2023-11-22;0,06910552733188369;0,06306617857925989;0,30933170681814515
2023-11-23;0,0751611677904549;0,06762934597412151;0,30992762295786935
2023-11-24;0,057393516777074716;0,05890787631370209;0,3105238103169061
2023-11-27;0,057709877452926994;0,06009716763103201;0,3111202690186956
2023-11-28;0,061537203063321444;0,06730882774675595;0,3117169991867341
2023-11-29;0,05519424702376896;0,06362286813205253;0,31231400094457396
2023-11-30;0,08007142292785052;0,07399753707046242;0,3129112744158238
2023-12-01;0,09941326482649493;0,08050911790009851;0,3135088197241487
2023-12-04;0,08179740438058247;0,0695440206481206;0,3141066369932697
2023-12-05;0,09467388332600568;0,07038748966750363;0,31470472634696445
2023-12-06;0,08518767229873192;0,059591086219402234;0,3153030879090668
2023-12-07;0,09631825417664541;0,06285531132441413;0,31590172180346676
2023-12-08;0,09498275395411815;0,07199851549452507;0,3165006281541112
2023-12-11;0,10111673539454746;0,07049714064002344;0,31709980708500285
2023-12-12;0,09696238393078915;0,06617014457058912;0,31769925872020144
2023-12-13;0,1334003268036883;0,0919971659440939;0,31829898318382277
2023-12-14;0,13815662783206806;0,1036117343409968;0,3188755939760777
2023-12-15;0,1251797731378197;0,09817135916597697;0,3194524569721271
2023-12-18;0,12829853973579963;0,1056529293679036;0,32002957228228235
2023-12-19;0,13310552526750707;0,11212233674657068;0,32060694001690293
2023-12-20;0,12025792573896243;0,10329121611363146;0,32118456028639697
2023-12-21;0,12885152355247675;0,11491421920072797;0,3217624332012208
2023-12-22;0,13434487617750634;0,11973042730140437;0,32234055887187885
2023-12-26;0,13993678173659485;0,12630948565259104;0,32291893740892386
2023-12-27;0,15250114834165762;0,131884815870712;0,32349756892295733
2023-12-28;0,14680684370045483;0,13180890365896758;0,32407645352462877
2024-01-02;0,13104721598008373;0,11925808465054977;0,32465559132463606
2024-01-03;0,12896662725901864;0,1204136372071043;0,32523498243372573
2024-01-04;0,11420520123892319;0,10685065537542715;0,3258146269626925
2024-01-05;0,1205837918762862;0,11357310345990901;0,32639452502237987
2024-01-08;0,13386573283442416;0,11698071829821588;0,32697467672367964
2024-01-09;0,1262750432418347;0,10871472190826337;0,32755508217753193
2024-01-10;0,1289776955286539;0,10360329965080295;0,32813574149492575
2024-01-11;0,12362336334723567;0,10198383913358788;0,32871665478689827
2024-01-12;0,12803825283859926;0,10484319910929596;0,32929782216453574
2024-01-15;0,13253411251204628;0,10933888898260702;0,32987924373897237
2024-01-16;0,11241710030426066;0,09055483392094943;0,33046091962139146
2024-01-17;0,10904491447334075;0,08406012247170103;0,3310428499230247
2024-01-18;0,09032437610731536;0,07387101671755536;0,3316250347551526
2024-01-19;0,09480530381604835;0,07657011757958077;0,33220747422910435
2024-01-22;0,08283122979352342;0,06784864791916134;0,33279016845625753
2024-01-23;0,09251688075682152;0,08185866833111155;0,3333731175480388
2024-01-24;0,08759614350378042;0,07808836181446988;0,33395632161592315
2024-01-25;0,09709619612223652;0,0810658074528916;0,33453978077143476
2024-01-26;0,10045749957391736;0,08779669022756731;0,3351234951261466
2024-01-29;0,09836414463373888;0,08388299397763044;0,33570746479168
2024-01-30;0,08356018879651561;0,07459640007422452;0,33629168987970526
2024-01-31;0,0900572632546992;0,0775485416420647;0,33687617050194185
2024-02-01;0,10362570309441099;0,08369743079336622;0,3374370836367995
2024-02-02;0,09066915254479113;0,07274076823158215;0,33799823211398095
2024-02-05;0,09622292633329943;0,07620742590124596;0,33855961603222906
2024-02-06;0,11447898671627832;0,10001855631842571;0,3391212354903277
2024-02-07;0,11886468501606617;0,09320332664181175;0,33968309058710244
2024-02-08;0,10885465983063036;0,08147067258219542;0,34024518142142
2024-02-09;0,10436817944152055;0,07985964675517399;0,34080750809218907
2024-02-14;0,09982879799492461;0,07135747903979417;0,34137007069835934
2024-02-15;0,10597855508851839;0,07798714553214392;0,3419328693389223
2024-02-16;0,10895165333559653;0,08576392989085435;0,342495904112911
2024-02-19;0,11881942480579633;0,0883786838509415;0,34305917511939965
2024-02-20;0,12117919301584235;0,0958012112215112;0,3436226824575046
2024-02-21;0,12778441314310718;0,09677963528399536;0,3441864262263834
2024-02-22;0,13008076498590082;0,09854248553450562;0,34475040652523536
2024-02-23;0,13121029152286212;0,091609170195178;0,3453146234533011
2024-02-26;0,13183294890997166;0,0932117613320056;0,34587907710986343
2024-02-27;0,1558141497423562;0,1107559169351704;0,34644376759424644
2024-02-28;0,14481006292676923;0,09781710217783646;0,347008695005816
2024-02-29;0,12358340915523036;0,08824372880784037;0,34757385944397967
2024-03-01;0,12959284917840685;0,08959327923885296;0,3481392610081866
2024-03-04;0,11784688985718361;0,08251657416623037;0,34870489979792785
2024-03-05;0,11893315873210164;0,08046694444912994;0,34927077591273603
2024-03-06;0,12319382440458693;0,08714721908264278;0,3498368894521857
2024-03-07;0,12070652301166018;0,08250813947603675;0,3504032405158932
2024-03-08;0,10956563482983639;0,07180451762006745;0,3509698292035166
2024-03-11;0,09545871453997679;0,06381686600651126;0,35153665561475567
2024-03-12;0,10839783358696264;0,07684002766578346;0,35210371984935196
2024-03-13;0,111011400864238;0,07969095295129769;0,3526710220070892
2024-03-14;0,10480028868488733;0,07702559085004768;0,3532385621877927
2024-03-15;0,09689162195116552;0,06902950454629764;0,35380634049132986
2024-03-18;0,1062153928152123;0,07081765886738944;0,3543743570176099
2024-03-19;0,10114462573996419;0,07566760572884124;0,3549426118665837
2024-03-20;0,11581060612341543;0,08912937127819265;0,3555111051382447
2024-03-21;0,10490932459765112;0,08098146055095357;0,35605558683895655
2024-03-22;0,09369354149677922;0,07143339125153902;0,35660028724707793
2024-03-25;0,09021757175559908;0,07062366099293138;0,3571452064504592
2024-03-26;0,08620356318164646;0,07005010205975104;0,3576903445369861
2024-03-27;0,09203866834587582;0,07703402554024152;0,3582357015945796
2024-03-28;0,09702720855224256;0,0805344219706805;0,35878127771119606
2024-04-01;0,08385504336761374;0,07112130771436709;0,359327072974827
2024-04-02;0,08670421599647526;0,07583629953271775;0,35987308747349944
2024-04-03;0,07913122953132001;0,07388788609794306;0,36041932129527576
2024-04-04;0,08661496138161962;0,07481570201926413;0,3609657745282535
2024-04-05;0,07768945218361845;0,06947654312657026;0,36151244726056597
2024-04-08;0,09846005740132968;0,08686887430624601;0,3620593395803815
2024-04-09;0,11151156509240834;0,09558190927647159;0,362606451575904
2024-04-10;0,09515118419708846;0,08009581808060129;0,36315378333537285
2024-04-11;0,09148449385602753;0,07454579193306166;0,363701334947063
2024-04-12;0,07553619055166005;0,062315491152009406;0,36424910649928455
2024-04-15;0,05849107711624635;0,0571534607533859;0,3647970980803832
2024-04-16;0,05577619511236631;0,049182678520217404;0,36534530977874
2024-04-17;0,056163301440104396;0,04734391605796251;0,3658937416827719
2024-04-18;0,059394801730912494;0,04755478331280827;0,3664423938809309
2024-04-19;0,06361127430296487;0,05538217581268179;0,366991266461705
2024-04-22;0,06135092270221687;0,05916935170971094;0,3675403595136173
2024-04-23;0,05503852582297042;0,05558460837733348;0,3680896731252268
2024-04-24;0,05504607901702285;0,05215168946844506;0,3686392073851277
2024-04-25;0,04964441441852285;0,051350393900031266;0,36918896238195
2024-04-26;0,06396290421193651;0,06720761146443022;0,36973893820435944
2024-04-29;0,07240716108057632;0,074174665564533;0,3702891349410573
2024-04-30;0,05641466972286602;0,06212992796774497;0,3708395526807804
2024-05-02;0,0694850513355405;0,07223468681995238;0,37139019151230124
2024-05-03;0,08607900942552171;0,0839336021187933;0,3719410515244279
2024-05-06;0,08668005396113454;0,08357091044045872;0,37249213280600424
2024-05-07;0,09969306681469137;0,08984631994466752;0,3730434354459098
2024-05-08;0,10276281868783443;0,09213212098719525;0,37359495953305966
2024-05-09;0,0929651596871639;0,08122606656657405;0,37413437027366814
2024-05-10;0,0786528633601582;0,07626646873260245;0,37467399284087444
2024-05-13;0,08435507813333887;0,08094772179017773;0,3752138273178629
2024-05-14;0,08919325890274732;0,08398421025995617;0,3757538737878505
2024-05-15;0,08529622197459186;0,07987651613556146;0,37629413233408693
2024-05-16;0,08321163961897149;0,0820357968251817;0,3768346030398544
2024-05-17;0,08330396280232222;0,08091398302940234;0,37737528598846803
2024-05-20;0,07878986777289909;0,07754010695187064;0,37791618126327564
2024-05-21;0,0707849317433571;0,07468074697616256;0,3784572889476576
2024-05-22;0,0561290290815355;0,05981882285463547;0,37899860912502725
2024-05-23;0,04443131919079368;0,052050473186118884;0,37954014187883045
2024-05-24;0,029860787525443966;0,04848259923412912;0,3800818872925462
2024-05-27;0,030417484600596456;0,05008519037095649;0,38062384544968597
2024-05-28;0,016957758527061273;0,044045952192174775;0,381166016433794
2024-05-29;0,008410544984647661;0,03499552961419594;0,38170840032844744
2024-05-31;0,009026865609770951;0,02985880328615398;0,3822509972172563
2024-06-03;0,009510736145111887;0,029302113733361335;0,38279380718386347
2024-06-04;0,0010284321622775483;0,027362134988780706;0,38333683031194443
2024-06-05;0,003633138306935235;0,024030432362218246;0,3838800666852078
2024-06-06;0,020062700385774734;0,03661499013141145;0,384423516387395
2024-06-07;-0,005434130068486476;0,018632230638167657;0,3849671795022802
2024-06-10;-0,009166890692728358;0,01857318780681072;0,38551105611367054
2024-06-11;0,0022266087286302305;0,025953541726411178;0,38605514630540627
2024-06-12;-0,016896588547760993;0,011623003087095407;0,3865994501613603
2024-06-13;-0,02299356519710838;0,008519037095766402;0,38714396776543847
2024-06-14;-0,020633456663801786;0,00931189797398635;0,3876886992015798
2024-06-17;-0,02557624886000065;0,004892120312419923;0,3882336445537562
2024-06-18;-0,023802682016277332;0,009041987887783876;0,3887788039059723
2024-06-19;-0,015165149389572696;0,014364277400090053;0,389324177342266
2024-06-20;-0,014225706619033218;0,015924695085948404;0,3898697649467082
2024-06-21;-0,0036503199500850236;0,023473742809425602;0,3904155668034026
2024-06-24;0,017015525236527385;0,03440510130062813;0,3909615829964861
2024-06-25;0,016401402056242187;0,03182408610131637;0,39150781361012865
2024-06-26;0,016101854337836174;0,0344388400614033;0,39205425872853317
2024-06-27;0,029014530077880796;0,04849946861451637;0,3926009184359358
2024-06-28;0,028195717679881716;0,04511715784679082;0,3931477928166054
2024-07-01;0,02999358192965418;0,05195769159398633;0,39369488195484426
2024-07-02;0,03168111673253837;0,05253968521736074;0,39424218593498783
2024-07-03;0,03913790112425808;0,05992003913696142;0,3947897048414044
2024-07-04;0,04836771257271266;0,06415425361426363;0,3953374387584956
2024-07-05;0,05297269514548053;0,06502302670422799;0,3958853877706958
2024-07-08;0,05106542978153872;0,06739317464869399;0,3964335519624733
2024-07-09;0,060238319379794625;0,0721166011572385;0,39698193141832894
2024-07-10;0,06304820181077075;0,07304441707855958;0,39753052622279683
2024-07-11;0,07435145228714846;0,08212014372711995;0,39807933646044447
2024-07-12;0,08259305333207823;0,08720626191399883;0,3986283622158724
2024-07-15;0,09070901767846085;0,09078257055618244;0,39917760357371446
2024-07-16;0,08303171206505855;0,08900285092528448;0,39972706061863783
2024-07-17;0,08392938456797316;0,0918706455911864;0,40027673343534276
2024-07-18;0,06753350506483757;0,07670507262268145;0,4008266221085628
2024-07-19;0,06774543068108985;0,07640142377570358;0,4013767267230648
2024-07-22;0,06161504466929313;0,07845948818299786;0,4019270473636489
2024-07-23;0,056181292321590526;0,06774743163683472;0,40247758411514845
2024-07-24;0,050537245861209446;0,06633883837446519;0,40302833706243035
2024-07-25;0,0470012380680751;0,0623829686735593;0,40357930629039473
2024-07-26;0,05989928601152639;0,07535552219166863;0,40413049188397476
2024-07-29;0,04501280594234647;0,07081765886738856;0,4046818939281376
2024-07-30;0,0329625612501423;0,06394338635941765;0,405233512507883
2024-07-31;0,0531732595382739;0,07670507262268123;0,4057853477082447
2024-08-01;0,04947585280021283;0,07453735724286714;0,4063373996142896
2024-08-02;0,04826345494080786;0,06153949965417649;0,40688966831111806
2024-08-05;0,04176319338945933;0,056613640580980285;0,40744215388386373
2024-08-06;0,05093003618089531;0,06502302670422799;0,40799485641769384
2024-08-07;0,0750218166027421;0,07554108537593307;0,4085477759978089
2024-08-08;0,08114440239784648;0,08521567502825511;0,40910091270944315
2024-08-09;0,09250609519315467;0,10169705966699727;0,409654266637864
2024-08-12;0,10073493317020721;0,10592283945410563;0,41020783786837245
2024-08-13;0,10892981005510838;0,1167361122825945;0,4107616264863032
2024-08-14;0,08775289272889242;0,12449602726091746;0,4113156325770242
2024-08-15;0,10493205561748709;0,13153899357276466;0,4118698562259371
2024-08-16;0,11089406408705549;0,1298520555339988;0,41242429751847687
2024-08-19;0,13382010715112713;0,145245365137737;0,4129789565401123
2024-08-20;0,13301032250545752;0,1478516844076303;0,4135338333763454
2024-08-21;0,13745587185307095;0,15103156261070394;0,41408892811271225
2024-08-22;0,12368394931847693;0,14014237757047043;0,4146442408347819
2024-08-23;0,12618683347685056;0,14381146780478615;0,4151997716281577
2024-08-26;0,13671473683447566;0,1546163059430814;0,415755520578476
2024-08-27;0,1402531142384158;0,15366318595117856;0,4163114877714069
2024-08-28;0,13994322995406216;0,15845408998127364;0,4168676732926546
2024-08-29;0,12999321508295947;0,1474636886587144;0,4174240772279565
2024-08-30;0,12123603784752279;0,14715160512154268;0,4179806996630837
2024-09-02;0,11117478630779232;0,13852291705325537;0,4185375406838412
2024-09-03;0,10306655644114726;0,13322593161153073;0,4190946003760676
2024-09-04;0,1186391967273519;0,14805411697228243;0,41965187882563515
2024-09-05;0,12717291339905312;0,1513520808380695;0,4202093761184498
2024-09-06;0,10837641416832966;0,13507312876397926;0,4207670923404514
2024-09-09;0,108288743624261;0,1364648526459611;0,4213250275776135
2024-09-10;0,1040339575911251;0,1329475868351344;0,421883181915943
2024-09-11;0,1080704477834904;0,13595877123433153;0,4224415554414813
2024-09-12;0,10135566831200116;0,13049309198873016;0,42300014824030296
2024-09-13;0,1132551190346518;0,1376878827240664;0,4235589603985168
2024-09-16;0,1154866665295502;0,13967846960981012;0,4241179920022653
2024-09-17;0,11874918168506121;0,13834578855918522;0,42467724313772437
2024-09-18;0,11065628483414214;0,1281229440442644;0,4252367138911044
2024-09-19;0,103613009950138;0,12285126267312108;0,4258092029743401
2024-09-20;0,07992417406551744;0,10549267025422071;0,4263819220149907
2024-09-23;0,07975172632754601;0,10130062922788774;0,4269548711054256
2024-09-24;0,09298408926353963;0,11469491725568837;0,4275280503380512
2024-09-25;0,08942656546716088;0,10988714384520559;0,428101459805311
2024-09-26;0,09824341944262938;0,12189814268121824;0,4286750995996855
2024-09-27;0,09866520160180503;0,11953642942694609;0,42924896981369276
2024-09-30;0,08703712076372616;0,11182712258978622;0,42982307053988755
2024-10-01;0,09832871439832758;0,11755427723139622;0,43039740187086206
2024-10-02;0,10623158708379399;0,126157661229102;0,4309719638992455
2024-10-03;0,08954624134813272;0,11061252720187498;0,4315467567177045
2024-10-04;0,09066205848184938;0,11162469002513431;0,4321217804189428
2024-10-07;0,08763124893561347;0,11353093000893955;0,43269703509570134
2024-10-08;0,08851729363774896;0,10926297677086194;0,4332725208407586
2024-10-09;0,07166081983543338;0,09618920697042666;0,43384823774692993
2024-10-10;0,07256973225656749;0,09948717083621395;0,4344241859070681
2024-10-11;0,07667190642829302;0,09644224767624165;0,4350003654140633
2024-10-14;0,08879923078108809;0,10498658884259049;0,4355767763608427
2024-10-15;0,08970283651058963;0,10530710706995583;0,4361534188403713
2024-10-16;0,09761999498796947;0,11127043303699291;0,43673029294565113
2024-10-17;0,08519397222387881;0,10319843452149846;0,4373073987697216
2024-10-18;0,07897861351451341;0,10071863560451266;0,4378847364056593
2024-10-21;0,07909539283149525;0,09956308304795813;0,43846230594657865
2024-10-22;0,0744214334193476;0,0941564466337137;0,43904010748563116
2024-10-23;0,06851718342807311;0,09004031781912514;0,43961814111600583
2024-10-24;0,08094767967277017;0,09707484944077849;0,4401964069309292
2024-10-25;0,07301296136911573;0,09560721334705224;0,4407749050236651
2024-10-28;0,08584225261391021;0,1067410044029069;0,44135363548751494
2024-10-29;0,08126120727168651;0,10266704903928736;0,44193259841581756
2024-10-30;0,08035933113224614;0,10189949223164896;0,44251179390194917
2024-10-31;0,0719574665854179;0,09408896911216313;0,4430912220393237
2024-11-01;0,055991052396328955;0,08066094232358711;0,44367088292139245
2024-11-04;0,0841736610813737;0,10085359064761401;0,44425077664164436
2024-11-05;0,0889083587414412;0,10208505541591295;0,44483090329360575
2024-11-06;0,08291704786958598;0,09938595455388755;0,44541126297084066
2024-11-07;0,07850000967299131;0,09382749371615406;0,44601771417444547
2024-11-08;0,06714931989442419;0,07820644747718242;0,4466244198267817
2024-11-11;0,0688894110071987;0,07857757384571085;0,4472313800346084
2024-11-12;0,07369313575625225;0,0770930683715969;0,44783859490472966
2024-11-13;0,07190684130318181;0,07739671721857477;0,4484460645439938
2024-11-14;0,06228947328747836;0,07788592924981685;0,4490537890592945
2024-11-18;0,06470858725606887;0,07768349668516494;0,4496617685575701
2024-11-19;0,06979154125897158;0,08130197877831757;0,4502700031458038
2024-11-21;0,05876482130763594;0,07054774878118542;0,45087849293102367
2024-11-22;0,07734093902448569;0,08913780596838494;0,4514872380203028
2024-11-25;0,0775161550544321;0,08837868385094039;0,452096238520759
2024-11-26;0,09290594409847674;0,09585181936267295;0,4527054945395552
2024-11-27;0,06528095866825456;0,07684846235597576;0,4533150061838993
2024-11-28;0,03714283735597501;0,05104674505305229;0,4539247735610439
2024-11-29;0,04405009210459698;0,05997064727812362;0,4545347967782869
2024-12-02;0,046530279589356516;0,05632686111438945;0,45514507594297116
2024-12-03;0,06086012097539628;0,06394338635941721;0,45575561116248453
2024-12-04;0,05751960987850513;0,063504782469338;0,45636640254426
2024-12-05;0,07084043967527132;0,07844261880260928;0,4569774501957755
2024-12-06;0,042243267595603706;0,06231549115200807;0,45758875422455425
2024-12-09;0,046775175955680925;0,07297693955700812;0,45820031473816436
2024-12-10;0,06081316890940314;0,0815634541743262;0,4588121318442191
2024-12-11;0,07501468801504174;0,09307680628890291;0,459424205650377
2024-12-12;0,036755505513032194;0,0631252214106155;0,46008843338909466
2024-12-13;0,021420986605193315;0,051063614433439763;0,46075296343778294
2024-12-16;0,0011661445413269078;0,04219032034953152;0,4614177959340324
2024-12-17;0,006502650648211983;0,05178899779010915;0,4620829310154959
2024-12-18;-0,02795891601874856;0,018674404089135788;0,462748368819889
2024-12-19;-0,012334877209999484;0,022183235209768837;0,46341410948498996
2024-12-20;-0,002587562728744386;0,029892542046928705;0,4640801531486398
2024-12-23;-0,016543243034689348;0,01863223063816677;0,4647464999487423
2024-12-26;-0,022112549244912794;0,021255419288447763;0,4654131500232639
2024-12-27;-0,028145234155532273;0,01443175492163995;0,466080103510234
2024-12-30;-0,03334519604952324;0,01454984058435338;0,46674736054774457
2025-01-02;-0,03673971119647779;0,013217159533728484;0,4674149212739507
2025-01-03;-0,05039932498522892;-0,00021086725484753543;0,46808278582706997
2025-01-06;-0,038963963438560345;0,012348386443764126;0,4687509543453834
2025-01-07;-0,03176521380925257;0,0219723679549233;0,4694194269672345
2025-01-08;-0,05092875842426281;0,008999814436813969;0,4700882038310301
2025-01-09;-0,05295279618367299;0,010315626107051168;0,47075728507523973
2025-01-10;-0,0635528046255659;0,0025135376777591922;0,47142667083839607
2025-01-13;-0,06642014044204958;0,003787175897027595;0,4720963612590947
2025-01-14;-0,061377991703729595;0,006250105433625697;0,4727663564759945
2025-01-15;-0,029371511800673544;0,034514752273147264;0,4734366566278174
2025-01-16;-0,045289249498099426;0,022571230958685184;0,4741072618533484
2025-01-17;-0,03554922813646544;0,03198434521499838;0,4747781722914357
2025-01-20;-0,03091346706775433;0,03361224042240751;0,4754493880809907
2025-01-21;-0,025925010031480178;0,040317819126501675;0,47612090936098794
2025-01-22;-0,024577180235409557;0,037230722515560144;0,47679273627046537
2025-01-23;-0,025174122976493796;0,033106159010777736;0,47746486894852413
2025-01-24;-0,022843560925986384;0,03280251016379987;0,4781373075343287
2025-01-27;9,134675051414298e-05;0,05317228698189713;0,4788100521671068
2025-01-28;-0,0077801426440952115;0,04637392668567086;0,4794831029861495
2025-01-29;-0,017505747080903022;0,0411106800047214;0,4801564601308115
2025-01-30;0,017480383075614503;0,07047183656944078;0,48088228445416603
2025-01-31;0,013263592799708679;0,06390964759864182;0,48160846469999385
2025-02-03;0,00623348555525971;0,06251792371665998;0,4823350010428289
2025-02-04;0,00568983986223448;0,05557617368713852;0,48306189365729035
2025-02-05;0,001132312343101738;0,05884039879215042;0,48378914271808315
2025-02-06;0,015508572228115636;0,0646687697160866;0,4845167483999979
2025-02-07;-0,0032529663389719854;0,05112265726479692;0,485244710877911
2025-02-10;0,006989040259247403;0,05916091701951598;0,4859730303267844
2025-02-11;0,009686760180013021;0,06717387270365371;0,4867017069216659
2025-02-12;-0,004593842019122607;0,04910676630847166;0,4874307408376892
2025-02-13;-0,00938471955564224;0,0530710706995714;0,48816013225007393
2025-02-14;0,02456887861258794;0,08148754196258179;0,4888898813341256
2025-02-17;0,036740447372362484;0,08697009058857086;0,48961998826523545
2025-02-18;0,035588183099634074;0,08412759999325048;0,49035045321888115
2025-02-19;0,01872807797213416;0,07381197388619731;0,49108127637062626
2025-02-20;0,018229919056488075;0,07627490342279541;0,49181245789612027
2025-02-21;0,0151026798840177;0,07228529496111413;0,4925439979710988
2025-02-24;-0,005888594582722617;0,05771858499637106;0,49327589677138395
2025-02-25;0,009532746812932258;0,06260227061859824;0,4940081544728838
2025-02-26;0,00026099206106366957;0,05238786079387103;0,49474077125159277
2025-02-27;0,0026548230766096914;0,05264090149968581;0,4954737472835915
2025-02-28;-0,010929606986611495;0,03577152111202753;0,4962070827450471
2025-03-05;-0,0038057510907176795;0,0378633242800972;0,4969407778122128
2025-03-06;-0,005900737587625771;0,04048651293037819;0,49767483266142865
2025-03-07;0,022979406585464712;0,05463148838542975;0,49840924746912085
2025-03-10;0,027279496867095965;0,050279188245413886;0,49914402241180245
2025-03-11;0,020631347539932676;0,0417432817692589;0,4998791576660726
2025-03-12;0,028325254933068145;0,04475446616845602;0,5006146534086173
2025-03-13;0,03931357002309155;0,05970917188211522;0,5013505098162094
2025-03-14;0,08077975658945191;0,08771234332562816;0,5020867270657081
2025-03-17;0,10504549312597433;0,10354425681944557;0,5028233053340594
2025-03-18;0,10342395555197892;0,10895089323369023;0,5035602447982961
2025-03-19;0,11409888778113575;0,1176639282039158;0,5042975456355379
2025-03-20;0,10777705103104229;0,11299954452672822;0,5050877681792356
2025-03-21;0,11022593294071825;0,11628907370232167;0,5058784058347379
2025-03-24;0,10397947492411252;0,1076519509438405;0,5066694588201068
2025-03-25;0,11308753634561719;0,11395266451863106;0,5074609273535196
2025-03-26;0,1194337493747526;0,11776514448624198;0,5082528116532676
2025-03-27;0,1275904257794125;0,12307056461816046;0,5090451119377573
2025-03-28;0,11601679159558143;0,1125525059464556;0,5098378284255092
2025-03-31;0,0994774614476237;0,09870274464818807;0,5106309613351594
2025-04-01;0,11347160253184829;0,10618431485011448;0,5114245108854583
2025-04-02;0,12705009038952686;0,10654700652844906;0,5122184772952716
2025-04-03;0,1313261662916334;0,10613370670895139;0,5130128607835795
2025-04-04;0,09454537044010669;0,07336493530592514;0,5138076615694778
2025-04-07;0,07205170412488537;0,059295872062617994;0,5146028798721769
2025-04-08;0,04197445989155302;0,045328025101636804;0,5153985159110026
2025-04-09;0,08494894782502094;0,07791966801059269;0,5161945699053958
2025-04-10;0,0829651648545846;0,06576527944128485;0,5169910420749129
2025-04-11;0,09689348271034337;0,07695811332849622;0,5177879326392252
2025-04-14;0,10861479791403217;0,09190438435196158;0,5185852418181198
2025-04-15;0,10406406066039975;0,09014153410145131;0,5193829698314993
2025-04-16;0,09883750457468676;0,0823141416015778;0,5201811168993815
2025-04-17;0,10629242469902533;0,09355758362995203;0,5209796832419
2025-04-22;0,11000891931010126;0,10042342144772887;0,5217786690793038
2025-04-23;0,1107608485643552;0,11520099866731748;0,5225780746319579
2025-04-24;0,1405029656105723;0,1351406062855296;0,5233779001203429
2025-04-25;0,14396139366883087;0,13648172202634834;0,5241781457650552
2025-04-28;0,14932517582333737;0,13881813121003894;0,524978811786807
2025-04-29;0,1541103830762074;0,1394676023549637;0,5257798984064268
2025-04-30;0,1258947984677603;0,1392483004099241;0,5265814058448588
2025-05-02;0,12464108483931757;0,1398134246529108;0,5273833343231631
2025-05-05;0,10460208957321093;0,12595522866444941;0,5281856840625163
2025-05-06;0,1027984735542593;0,12616609591929517;0,5289884552842112
2025-05-07;0,10115893236306062;0,12517080247642332;0,5297916482096565
2025-05-08;0,11969402224133407;0,14907471448573517;0,5306218049454741
2025-05-09;0,1080120132544049;0,15143642774000754;0,5314524121741457
2025-05-12;0,1209997058358494;0,1518665969398929;0,5322834701401362
2025-05-13;0,14084519906040227;0,1721098534050829;0,5331149790880425
2025-05-14;0,13666618021500088;0,16755512070041512;0,5339469392625944
2025-05-15;0,1492629527969882;0,17523912346699344;0,5347793509086547
2025-05-16;0,14146872405792732;0,17399922400850065;0,5356122142712187
2025-05-19;0,13961358283213943;0,17778639990553002;0,5364455295954151
2025-05-20;0,13661707032908188;0,18178444305740515;0,5372792971265055
2025-05-21;0,11393228676921408;0,16298351861535987;0,5381135171098841
2025-05-22;0,11365917853605656;0,15785522697751175;0,5389481897910791
2025-05-23;0,10702099972993473;0,16250274127431164;0,5397833154157512
2025-05-26;0,10932313298321628;0,16513436461478648;0,5406188942296948
2025-05-27;0,12329951603966083;0,17698510433711645;0,5414549264788375
2025-05-28;0,1223844430675134;0,17147725164054584;0,5422914124092406
2025-05-29;0,10938896333392156;0,16849137131193026;0,5431283522670987
2025-05-30;0,09756596055892719;0,15578029318982956;0,54396574629874
2025-06-02;0,10088047317442639;0,15375596754331045;0,5448035947506265
2025-06-03;0,1112838360727666;0,16015789740042674;0,5456418978693538
2025-06-04;0,10853242266372987;0,1555694259349838;0,5464806559016517
2025-06-05;0,10438152489020247;0,14910845324651079;0,5473198690943835
2025-06-06;0,09632601677377073;0,1479782047605378;0,5481595376945463
2025-06-09;0,09320762117044246;0,14457902461242456;0,5489996619492716
2025-06-10;0,09487903184316604;0,15079539128527686;0,549840242105825
2025-06-11;0,10026541480002593;0,15663219689940666;0,5506812784116062
2025-06-12;0,10505531364574172;0,16230030870965995;0,551522771114149
2025-06-13;0,09374709120259439;0,1573491455658822;0,552364720461122
2025-06-16;0,11489814821044453;0,17458121763187506;0,5532071267003273
2025-06-17;0,10199959725297925;0,17107238651124224;0,5540499900797027
2025-06-18;0,10289609598668803;0,17003491961740136;0,5548933108473193
2025-06-20;0,08268439000541505;0,15653098061708093;0,5557505390785227
2025-06-23;0,07780193835877225;0,1517653806575674;0,5566082399082222
2025-06-24;0,0852537933736035;0,15694428043657838;0,557466413596966
2025-06-25;0,07777582762279667;0,14515258354560512;0,5583250604054464
2025-06-26;0,08431584248306767;0,156514111236693;0,5591841805944986
2025-06-27;0,08227994167816166;0,15442230806862334;0,5600437744251023
2025-06-30;0,09996355810990853;0,1711989068641495;0,5609038421583807
2025-07-01;0,09994188306573104;0,177052581858667;0,5617643840556013
2025-07-02;0,09234308586086493;0,1728521061421402;0,562625400378175
2025-07-03;0,10190154340486846;0,1886840196359576;0,5634868913876576
2025-07-04;0,1050041778011166;0,19332309924256363;0,5643488573457487
2025-07-07;0,09141430221314861;0,1765549351372313;0,5652112985142921
2025-07-08;0,08280982749153143;0,17497764807098526;0,5660742151552762
2025-07-09;0,06339194717407515;0,1596096425378284;0,5669376075308337
2025-07-10;0,059048579447335436;0,15338484117478246;0,5678014759032417
2025-07-11;0,05108636415652912;0,14869515342701334;0,568665820534922
2025-07-14;0,041460017008037475;0,14120514853489308;0,5695306416884411
2025-07-15;0,0423814824654587;0,1407918487153954;0,5703959396265106
2025-07-16;0,05349836156646548;0,14299330285598488;0,5712617146119863
2025-07-17;0,05676245390061685;0,1434487761264518;0,5721279669078692
2025-07-18;0,03875328116206944;0,12503584743332263;0,5729946967773052
2025-07-21;0,036712859725547276;0,13165707923547854;0,5738619044835855
2025-07-22;0,03578242330631509;0,13055213482008687;0,5747295902901466
2025-07-23;0,039969365278613944;0,14178714215826727;0,5755977544605695
2025-07-24;0,023423812774473474;0,12862902545589372;0,5764663972585813
2025-07-25;0,02290875169438844;0,12623357344084618;0,577335518948054
2025-07-28;0,006927755778761702;0,11446718062045447;0,5782051197930054
2025-07-29;0,006902796373715603;0,11950269066617047;0,5790752000575985
2025-07-30;0,014534373072295992;0,13016413907117053;0,5799457600061424
2025-07-31;-0,0018307680641626023;0,12241265878304164;0,5808167999030915
2025-08-01;-0,011677994092318178;0,11706506520015392;0,5816883200130463
2025-08-04;-0,006961435668261795;0,1215691897636586;0,5825603206007528
2025-08-05;-0,004957062480952734;0,12308743399854793;0,5834328019311033
2025-08-06;0,006507106466912882;0,13478634929738909;0,584305764269136
2025-08-07;0,01739466921330779;0,1515713827831091;0,5851792078800353
2025-08-08;0,0013992470446908545;0,14638404831390406;0,5860531330291319
2025-08-11;-0,0028091474089246837;0,14393798815769365;0,5869275399819023
2025-08-12;-0,0009404471557641347;0,1632618633917564;0,5878024290039698
2025-08-13;-0,007660888540490629;0,15291249852392808;0,5886778003611042
2025-08-14;-0,011088422615249338;0,15012061606977078;0,5895536543192215
2025-08-15;-0,010119039319394285;0,14999409571686328;0,5904299911443844
2025-08-18;0,003418310667247626;0,15826852679700965;0,5913068111028024
2025-08-19;-0,016595598691936275;0,1338922721368434;0,5921841144608315
2025-08-20;-0,019306594636663177;0,13587442433239305;0,593061901484975
2025-08-21;-0,021836628706552785;0,13455861266215563;0,5939401724418827
2025-08-22;0,011345226209483306;0,1637173366622231;0,5948189275983518
2025-08-25;0,012848853402019689;0,16419811400327133;0,5956981672213262
2025-08-26;0,011594388567737424;0,1620557026940388;0,5965778915778972
2025-08-27;0,021730018030813092;0,17415948312218377;0,597458100935303
2025-08-28;0,04373214997393626;0,189704617149411;0,5983387955609298
2025-08-29;0,05429547521280376;0,19285075659170925;0,5992199757223107
2025-09-01;0,056104244067778586;0,1903456536041419;0,6001016416871263
2025-09-02;0,04563039605081154;0,18368224835101699;0,600983793723205
2025-09-03;0,043196603314054505;0,1797095092697234;0,6018664320985228
2025-09-04;0,05477104312787584;0,1892322744985564;0,6027495570812031
2025-09-05;0,07662543405835831;0,20312420924779295;0,6036331689395178
2025-09-08;0,06525459841557657;0,19597159196342573;0,604517267941886
2025-09-09;0,06766636672688309;0,19450395586969949;0,6054018543568751
2025-09-10;0,08179810758876216;0,20066971440138848;0,6062869284532006
2025-09-11;0,09959847138322186;0,20743433593683935;0,6071724904997262
2025-09-12;0,09325469458620872;0,2000202432564635;0,6080585407654637
2025-09-15;0,10576761297535398;0,21077447325359566;0,6089450795195732
2025-09-16;0,1135527392202329;0,21511833870341768;0,6098321070313633
2025-09-17;0,12776821503112812;0,22804028408036414;0,6107196235702907
2025-09-18;0,1231887790256676;0,2272474232021442;0,6116076294059614
2025-09-19;0,11749892256215144;0,23032608512289166;0,6124961248081293
2025-09-22;0,11194863708629321;0,2239494593363569;0,6133851100466974
2025-09-23;0,1265446214240662;0,23504951163143617;0,6142745853917173
2025-09-24;0,12734525443796518;0,23561463587442266;0,6151645511133899
2025-09-25;0,12345392940950384;0,2256110933045412;0,6160550074820643
2025-09-26;0,1263013125199779;0,22680038462187113;0,6169459547682394
2025-09-29;0,11853001832597898;0,2343072588943791;0,6178373932425629
2025-09-30;0,09986420029982379;0,23346378987499605;0,6187293231758315
2025-10-01;0,0954931878488463;0,22739081293543917;0,6196217448389918
2025-10-02;0,08276791643230319;0,2141736534017089;0,6205146585031391
2025-10-03;0,08299624630999403;0,21629076064036012;0,6214080644395186
2025-10-06;0,07303432513859875;0,2112889893554195;0,6223019629195248
2025-10-07;0,06219463717595297;0,19229406703891616;0,6231963542147021
2025-10-08;0,06467808866879499;0,19894903760184723;0,6240912385967443
2025-10-09;0,06539854963406477;0,19526307798714382;0,6249866163374953
2025-10-10;0,0533993253824252;0,18659221646788748;0,6258824877089484
2025-10-13;0,06169640201775528;0,19589567975168087;0,6267788529832474
2025-10-14;0,06232341629928628;0,19505221073229784;0,6276757124326857
2025-10-15;0,06618923798199106;0,20282056040081442;0,6285730663297071
2025-10-16;0,05588268075779723;0,19941294556250755;0,6294709149469055
2025-10-17;0,07400314554346576;0,2095261391049088;0,6303692585570251
2025-10-20;0,07562683693694972;0,21888864522005913;0,6312680974329603
2025-10-21;0,0721875839382542;0,21531233657787552;0,6321674318477561
2025-10-22;0,07898587183626415;0,22195887245061297;0,6330672620746083
2025-10-23;0,07910046537827409;0,2291114897349802;0,6339675883868627
2025-10-24;0,08164716013257634;0,23291553501239726;0,6348684110580165
2025-10-27;0,09630940923767195;0,23963798309687911;0,6357697303617171
2025-10-28;0,10116457617367769;0,24351794058604037;0,636671546571763
2025-10-29;0,1077505929424809;0,25367330757941065;0,6375738599621035
2025-10-30;0,11283760939594978;0,25491320703790343;0,6384766708068392
2025-10-31;0,12133973052072666;0,2613235715852136;0,639379979380222
2025-11-03;0,12980363510958637;0,2690328784223732;0,6402837859566541
2025-11-04;0,1374216603313736;0,2711415509708306;0,64118809081069
2025-11-05;0,15664014567609597;0,29298739857284817;0,642092894217035
2025-11-06;0,14484741381570054;0,29336695963157045;0,6429981964505458
2025-11-07;0,1547765326644739;0,29948211002209657;0,6439039977862311
2025-11-10;0,16779645169860347;0,30954469542333474;0,6448102984992508
2025-11-11;0,20081650549679275;0,330563943386357;0,6457170988649166
2025-11-12;0,18787239336840678;0,3295855193238728;0,646624399158692
2025-11-13;0,1818475958918062;0,3256127802425792;0,6475321996561922
2025-11-14;0,19719626548416613;0,3304795964844187;0,6484405006331848
2025-11-17;0,18621449576901083;0,324187317599822;0,649349302365589
2025-11-18;0,18436919131709684;0,3202145785185284;0,6502586051294763
2025-11-19;0,17460468022871778;0,31059059700736946;0,6511684092010703
2025-11-21;0,1803962245612356;0,3054370012989398;0,6520787148567471
2025-11-24;0,18739848498333433;0,3097218239174049;0,6529895223730349
2025-11-25;0,19474319855601951;0,3150525481199049;0,6539008320266144
2025-11-26;0,20831195773337785;0,337362303682583;0,6548126440943192
2025-11-27;0,20692482080071106;0,33514398016160607;0,6557249588531349
2025-11-28;0,21854091658891583;0,34172303851279295;0,6566377765802003
2025-12-01;0,22364406507672285;0,3378346463334376;0,6575510975528069
2025-12-02;0,24422106300500723;0,35876111270432776;0,6584649220483989
2025-12-03;0,2577008635536182;0,3643533123028364;0,6593792503445735
2025-12-04;0,28269007529622847;0,3871354105163689;0,6602940827190811
2025-12-05;0,22724825166502605;0,32735876111270157;0,661209419449825
2025-12-08;0,2359173863422388;0,3342583376912538;0,662125260814862
2025-12-09;0,22468489155912463;0,3325207915113251;0,6630416070924019
2025-12-10;0,2349281385497679;0,34174834258337405;0,663958458560808
2025-12-11;0,23259028145365734;0,3427098972654705;0,6648758154985974
2025-12-12;0,2492901975098618;0,35601140370113926;0,66579367818444
2025-12-15;0,25896451009063415;0,37048533207375;0,6667120468971601
2025-12-16;0,23454910392587025;0,33755630155704086;0,667630921915735
2025-12-17;0,22311614926785728;0,3270045041245606;0,6685503035192966
2025-12-18;0,22650751150572446;0,3320315794800828;0,66947019198713
2025-12-19;0,227290521839834;0,3366706590866888;0,6703905875986746
2025-12-22;0,2215402865509557;0,3338787766325313;0,6713114906335238
2025-12-23;0,2443745385939029;0,3533966497410521;0,672232901371425
2025-12-26;0,24981926216489136;0,3571163481165307;0,6731548200922801
2025-12-29;0,25149965910970606;0,3536834292076423;0,6740772470761454
2025-12-30;0,24901464925570815;0,35903945748072386;0,675000182603231
2026-01-02;0,24182385119660754;0,35409672902713996;0,6759236269539022
2026-01-05;0,24784207026216687;0,3653233016751267;0,6768475804086782
2026-01-06;0,2592015520936608;0,3804551358828563;0,6777720432482335
2026-01-07;0,25522856354172285;0,3662089441454788;0,6786970157533967
2026-01-08;0,24914792939166364;0,37432311611194247;0,6796224982051517
2026-01-09;0,2451221042578018;0,3779753369658705;0,6805484908846373
2026-01-12;0,23995690446387807;0,3761197051232281;0,681474994073147
2026-01-13;0,22756486870852588;0,3661920747650913;0,6824020080521296
2026-01-14;0,252021458007901;0,39295534675011123;0,683329533103189
2026-01-15;0,2548543770321692;0,39651478601190715;0,6842575695080844
2026-01-16;0,2446509633325915;0,39003694394304644;0,6851861175487299
2026-01-19;0,24213348031837434;0,3904502437625441;0,6861151775071959
2026-01-20;0,24974864397154284;0,40249498135933237;0,6870447496657075
2026-01-21;0,29451189158996116;0,4492231650331462;0,6879748343066459
2026-01-22;0,3255211057798779;0,4810388164442698;0,6889054317125476
2026-01-23;0,36108890912927016;0,5086202533780912;0,6898365421661052
2026-01-26;0,37488466393502007;0,5074562661313429;0,690768165950167
2026-01-27;0,4012300122130701;0,5344304053712086;0,6917003033477371
2026-01-28;0,4302267411384284;0,5578113665885029;0,6926329546419758
2026-01-29;0,42279951822031947;0,5446785539567109;0,6935661201161996
2026-01-30;0,41446814576639235;0,5297491523136333;0,6944998000538809
2026-02-02;0,4235110416297072;0,5418023246006152;0,6954339947386488
2026-02-03;0,45756379418067383;0,566102667049037;0,6963687044542883
2026-02-04;0,4291234862957052;0,5326506857403104;0,6973039294847412
2026-02-05;0,4230846117316016;0,536184820931525;0,6982396701141056
2026-02-06;0,43524720984903276;0,5431265709610464;0,6991759266266364
2026-02-09;0,469937663963933;0,5708851363889385;0,700112699306745
2026-02-10;0,461892849879012;0,5682535130484636;0,701049988439
2026-02-11;0,4924665921004352;0,6000522950791995;0,7019877943081265
2026-02-12;0,486351295306074;0,5837480389345278;0,7029261171990067
2026-02-13;0,47276168018892184;0,5727660723021621;0,7038649573966798
2026-02-18;0,4678700583360351;0,5689873310953266;0,7048043151863423
2026-02-19;0,4795214665690126;0,5902258810033885;0,7057441908533479
2026-02-20;0,49990954534014764;0,607095261391047;0,7066845846832075
2026-02-23;0,48523781208711125;0,5929249818654139;0,7076254969615894
2026-02-24;0,49794307685696215;0,6151588252163476;0,7085669279743194
2026-02-25;0,48168600874711487;0,613117630189441;0,709508878007381
2026-02-26;0,475369671898348;0,6110680004723406;0,7104513473469154
2026-02-27;0,46318950945823945;0,5923598576224276;0,7113943362792214
2026-03-02;0,4602281488843052;0,5967458965232189;0,7123378450907556
2026-03-03;0,41565639229956086;0,5444339479410902;0,7132818740681328
2026-03-04;0,43239535642090576;0,563504782469338;0,7142264234981255
2026-03-05;0,38962410814853565;0,5221579311391875;0,7151714936676643
2026-03-06;0,3848988913661793;0,5128882066161693;0,7161170848638383
2026-03-09;0,3955814117659373;0,5259619764166046;0,7170631973738948
2026-03-10;0,4229872519193092;0,5473186119873801;0,7180098314852392
2026-03-11;0,4263268285878632;0,551721520268559;0,7189569874854356
2026-03-12;0,3857399922234417;0,5122134314006632;0,7199046656622063
2026-03-13;0,3728109113654057;0,49844801700433394;0,7208528663034328
2026-03-16;0,3961198539308586;0,5171898986150223;0,7218015896971548
2026-03-17;0,3806058194274389;0,521702457868721;0,7227508361315709
2026-03-18;0,3663138030304829;0,5152077464194724;0,7237006058950388
2026-03-19;0,3679436484396914;0,5205300359317786;0,7246359892658338
2026-03-20;0,3381458897466052;0,4863526712663828;0,7255718802317688
2026-03-23;0,38418734554807177;0,534540056343729;0,7265082790682953
2026-03-24;0,3846160810484587;0,5394068725855685;0,7274451860510145
2026-03-25;0,4070687454987798;0,5639939945005807;0,7283826014556769
2026-03-26;0,37861122900739086;0,5412962431889865;0,7293205255581829
2026-03-27;0,3662999860258418;0,5313770475210433;0,7302589586345825
2026-03-30;0,3733721734425308;0,5394490460365378;0,7311979009610752
2026-03-31;0,4243076522225593;0,5811838931156046;0,7321373528140107
2026-04-01;0,43268284401668566;0,5853253260007749;0,7330773144698888
2026-04-02;0,4273203905052241;0,5861603603299639;0,734017786205359
2026-04-06;0,4328813652664816;0,5870881762512852;0,7349587682972212
2026-04-07;0,43223358715632165;0,5879063412000864;0,7359002610224255
2026-04-08;0,4673131066971914;0,6211558899441612;0,7368422646580719
2026-04-09;0,4849624349958519;0,6458526628316932;0,7377847794814112
2026-04-10;0,48925767655321994;0,6643668078071483;0,7387278057698445
2026-04-13;0,4904834429080811;0,6700770930683708;0,7396713438009237
2026-04-14;0,5011264648735261;0,6756102498355228;0,7406153938523508
2026-04-15;0,490968935478574;0,6678587695473936;0,7415599562019788
2026-04-16;0,47695472968638297;0,6601072892592648;0,7425050311278114
2026-04-17;0,47493265983593;0,6509556503989602;0,7434506189080032
2026-04-20;0,47676211338069185;0,6543126570961042;0,7443967198208599
2026-04-22;0,44234494640870836;0,6269589567975162;0,7453433341448379
2026-04-23;0,42723588300795723;0,6142141399146404;0,7462904621585449
2026-04-24;0,4198007073153023;0,6088749810219465;0,7472381041407399
2026-04-27;0,4128307030936278;0,5990401322559418;0,7481862603703329
2026-04-28;0,405477382090738;0,5909428296698658;0,7491349311263855
2026-04-29;0,35696477784556757;0,5583090133099406;0,7500841166881107
2026-04-30;0,3771354542249119;0,579969297727694;0,7510186616064223
2026-05-04;0,3562540693373728;0,5654784999746956;0,7519537055717203
2026-05-05;0,37993301745544183;0,5752121324583743;0,7528892488504957
2026-05-06;0,39555042165132037;0,5831154371699923;0,753825291709382
2026-05-07;0,3673299772321119;0,5453870679329944;0,7547618344151548
2026-05-08;0,3694318403495809;0,5528939422055024;0,7556988772347326
2026-05-11;0,3510640893039374;0,5343460584692721;0,7566364204351761
2026-05-12;0,3423171143957633;0,5211288989355418;0,7575744642836886
2026-05-13;0,31691247860570293;0,49376676394676;0,7585130090476162
2026-05-14;0,3209254348711479;0,5044619511125352;0,7594520549944477
2026-05-15;0,31102633843932503;0,4953356163228122;0,7603916023918147
2026-05-18;0,30256702240798683;0,49273773174311275;0,7613316515074919
2026-05-19;0,286471116203177;0,4699893722903554;0,7622722026093971
2026-05-20;0,3127765629931569;0,49594291401676793;0,7632132559655906
2026-05-21;0,31892353629553516;0,4984227129337535;0,7641548118442762
2026-05-22;0,3082533465374122;0,4862767590546395;0,7650968705138013
2026-05-25;0,3290501186393435;0,49596821808734926;0,7660394322426558
2026-05-26;0,3179933971309068;0,48947350663810085;0,7669824972994734
2026-05-27;0,3128329505639529;0,4823461934243152;0,7679260659530314
2026-05-28;0,29940482106747934;0,4766021694023175;0,7688701384722503
2026-05-29;0,2821822461215513;0,4658479394051853;0,7698147151261945
2026-06-01;0,2672400993998394;0,4524367819969968;0,770759796184072
2026-06-02;0,26825572101664585;0,46930616238465506;0,7717053819152344
2026-06-03;0,2355627837930958;0,4366892154051176;0,7726514725891771
2026-06-05;0,2328735602848897;0,42562290187081375;0,7735980684755397
2026-06-08;0,23143233286998277;0,42267076030297357;0,7745451698441057
2026-06-09;0,2408013647034566;0,43232004588471407;0,7754927769648026
2026-06-10;0,2209734271078112;0,42224902579328205;0,7764408901077018
2026-06-11;0,2472961013170818;0,44652406417112256;0,7773895095430194
2026-06-12;0,24372560152084133;0,4434538369405687;0,7783386355411155
2026-06-15;0,24223137096543224;0,43739772938139954;0,7792882683724944
2026-06-16;0,23096110025353744;0,4309367566929263;0,7802384083078053
2026-06-17;0,22092111171433348;0,42085730191130044;0,7811890556178418
2026-06-18;0,21998403969332525;0,4193727964371865;0,7821247320406484
2026-06-19;0,2199117113148672;0,4218863341149477;0,7830608999836366
2026-06-22;0,23279569170366865;0,43701816832267726;0,7839975597050071
2026-06-23;0,2327234292248348;0,44451660790499137;0,7849347114630958
2026-06-24;0,22509952107336284;0,4381737208792318;0,7858723555163745
2026-06-25;0,23678702446340516;0,45068236643668036;0,7868104921234507
2026-06-26;0,24642900043443938;0,4616896371396275;0,7877491215430681
2026-06-29;0,2509272555828872;0,46093051502218274;0,7886882440341059
2026-06-30;0,2417774201551095;0,4509691459032703;0,7896278598555795
2026-07-01;0,2286817779317265;0,4481435246883376;0,7905679692666403
2026-07-02;0,22798826512046566;0,45741324921135584;0,7915085725265758
2026-07-03;0,23901117053170662;0,4698797213178354;0,7924496698948098
2026-07-06;0,2203911820899611;0,4545454545454539;0,7933912616309022
2026-07-07;0,21312592791131202;0,45094384183268876;0,7943333479945496
2026-07-08;0,2079630231602445;0,43941362033772413;0,7952759292455847
2026-07-09;0,22953936564374633;0,4570252534624395;0,7962190056439766
2026-07-10;0,26563698110682465;0,50024460601562;0,7971625774498314
2026-07-13;0,24600645230194962;0,48230401997334527;0,7981066449233916
2026-07-14;0,25171957123380406;0,4899121105281794;0,7990512083250363
2026-07-15;0,24693027278469426;0,48459825570606707;0,7999962679152814
2026-07-16;0,22892723183782038;0,4661600229423566;0,8009418239547801
2026-07-17;0,22690408502989667;0,46522377233084145;0,8018878767043218
2026-07-20;0,2195390061224618;0,4623306735943582;0,8028344264248333
2026-07-21;0,22124265902701556;0,4619511125356357;0,8037814733773785
2026-07-22;0,25708699250722344;0,49756237453398255;0,8047290178231583
2026-07-23;0,24518483448092998;0,49061218981426746;0,805677060023511
2026-07-24;0,23092524226126865;0,46799035071441764;0,8066256002399119
2026-07-27;0,24371567992564835;0,47889640513503884;0,807574638733974
2026-07-28;0,2536322620027207;0,4892710740734487;0,8085241757674473
2026-07-29;0,23955997054260014;0,46666900377874065;0,8094742116022198
